timestamp,nf_name,latency_ms,success
2026-10-07T17:39:57.664888+00:00,NRF,1.05,True
2026-10-07T17:39:57.664888+00:00,AMF,2.56,True
2026-10-07T17:39:57.664888+00:00,SMF,0.7,True
2026-10-07T17:39:57.664888+00:00,UPF,1.8,True
2026-10-07T17:39:57.664888+00:00,NRF,0.76,True
2026-10-07T17:39:57.664888+00:00,AMF,3.99,True
2026-10-07T17:39:57.671848+00:00,SMF,4.34,True
2026-10-07T17:39:57.672531+00:00,UPF,2.56,True
2026-10-07T17:39:57.673554+00:00,PCF,4.48,True
2026-10-07T17:39:57.674627+00:00,UDM,3.54,True
2026-10-07T17:52:20.941780+00:00,NRF,1.59,True
2026-10-07T17:52:20.953358+00:00,AMF,2.47,True
2026-10-07T17:52:20.969928+00:00,SMF,2.81,True
2026-10-07T17:52:20.981594+00:00,UPF,0.84,True
2026-10-07T17:52:20.987620+00:00,NRF,2.34,True
2026-10-07T17:52:21.000607+00:00,AMF,4.92,True
2026-10-07T17:52:21.003593+00:00,SMF,1.76,True
2026-10-07T17:52:21.049890+00:00,UPF,0.83,True
2026-10-07T17:52:21.054862+00:00,PCF,4.03,True
2026-10-07T17:52:21.131265+00:00,UDM,4.91,True
2026-10-07T17:52:33.155781+00:00,NRF,1.9,True
2026-10-07T17:52:33.160550+00:00,AMF,2.42,True
2026-10-07T17:52:33.165806+00:00,SMF,2.0,True
2026-10-07T17:52:33.167834+00:00,UPF,1.65,True
2026-10-07T17:52:33.170836+00:00,NRF,2.97,True
2026-10-07T17:52:33.173358+00:00,AMF,2.74,True
2026-10-07T17:52:33.181683+00:00,SMF,1.45,True
2026-10-07T17:52:33.184685+00:00,UPF,1.16,True
2026-10-07T17:52:33.187674+00:00,PCF,4.32,True
2026-10-07T17:52:33.189204+00:00,UDM,3.42,True
2026-10-07T17:52:41.553989+00:00,NRF,0.89,True
2026-10-07T17:52:41.563599+00:00,AMF,1.93,True
2026-10-07T17:52:41.567597+00:00,SMF,1.51,True
2026-10-07T17:52:41.576587+00:00,UPF,0.73,True
2026-10-07T17:52:41.584844+00:00,NRF,4.32,True
2026-10-07T17:52:41.588852+00:00,AMF,1.31,True
2026-10-07T17:52:41.601008+00:00,SMF,4.65,True
2026-10-07T17:52:41.604266+00:00,UPF,3.34,True
2026-10-07T17:52:41.615860+00:00,PCF,1.27,True
2026-10-07T17:52:41.621840+00:00,UDM,2.81,True
2026-10-07T17:52:53.987293+00:00,NRF,1.43,True
2026-10-07T17:52:53.997917+00:00,AMF,1.38,True
2026-10-07T17:52:54.001894+00:00,SMF,1.83,True
2026-10-07T17:52:54.010019+00:00,UPF,0.56,True
2026-10-07T17:52:54.012983+00:00,NRF,4.22,True
2026-10-07T17:52:54.015992+00:00,AMF,4.22,True
2026-10-07T17:52:54.018985+00:00,SMF,3.2,True
2026-10-07T17:52:54.028563+00:00,UPF,3.35,True
2026-10-07T17:52:54.031558+00:00,PCF,3.77,True
2026-10-07T17:52:54.034571+00:00,UDM,2.03,True
2026-10-07T17:53:03.057584+00:00,NRF,1.36,True
2026-10-07T17:53:03.075172+00:00,AMF,1.26,True
2026-10-07T17:53:03.083190+00:00,SMF,2.29,True
2026-10-07T17:53:03.093165+00:00,UPF,0.76,True
2026-10-07T17:53:03.102226+00:00,NRF,4.46,True
2026-10-07T17:53:03.110045+00:00,AMF,1.97,True
2026-10-07T17:53:03.114634+00:00,SMF,1.32,True
2026-10-07T17:53:03.144505+00:00,UPF,4.43,True
2026-10-07T17:53:03.184268+00:00,PCF,1.87,True
2026-10-07T17:53:03.197692+00:00,UDM,2.77,True
2026-10-07T17:53:15.148818+00:00,NRF,1.94,True
2026-10-07T17:53:15.156827+00:00,AMF,2.81,True
2026-10-07T17:53:15.163111+00:00,SMF,1.37,True
2026-10-07T17:53:15.168180+00:00,UPF,1.34,True
2026-10-07T17:53:15.177188+00:00,NRF,1.66,True
2026-10-07T17:53:15.181736+00:00,AMF,1.36,True
2026-10-07T17:53:15.184709+00:00,SMF,1.06,True
2026-10-07T17:53:15.195353+00:00,UPF,2.42,True
2026-10-07T17:53:15.199408+00:00,PCF,2.33,True
2026-10-07T17:53:15.211231+00:00,UDM,2.73,True
2026-10-07T17:53:26.338462+00:00,NRF,0.84,True
2026-10-07T17:53:26.345464+00:00,AMF,1.73,True
2026-10-07T17:53:26.352533+00:00,SMF,1.06,True
2026-10-07T17:53:26.355510+00:00,UPF,0.7,True
2026-10-07T17:53:26.359511+00:00,NRF,2.04,True
2026-10-07T17:53:26.363783+00:00,AMF,4.42,True
2026-10-07T17:53:26.375358+00:00,SMF,0.83,True
2026-10-07T17:53:26.380357+00:00,UPF,4.99,True
2026-10-07T17:53:26.387050+00:00,PCF,3.83,True
2026-10-07T17:53:26.392088+00:00,UDM,3.33,True
2026-10-07T17:53:33.744003+00:00,NRF,1.8,True
2026-10-07T17:53:33.748039+00:00,AMF,1.66,True
2026-10-07T17:53:33.755794+00:00,SMF,1.27,True
2026-10-07T17:53:33.762426+00:00,UPF,1.94,True
2026-10-07T17:53:33.767403+00:00,NRF,0.5,True
2026-10-07T17:53:33.774063+00:00,AMF,3.67,True
2026-10-07T17:53:33.776595+00:00,SMF,4.23,True
2026-10-07T17:53:33.790456+00:00,UPF,2.06,True
2026-10-07T17:53:33.793470+00:00,PCF,2.72,True
2026-10-07T17:53:33.797030+00:00,UDM,2.66,True
2026-10-07T17:53:45.992692+00:00,NRF,1.89,True
2026-10-07T17:53:45.998721+00:00,AMF,2.74,True
2026-10-07T17:53:46.002941+00:00,SMF,2.62,True
2026-10-07T17:53:46.006951+00:00,UPF,0.83,True
2026-10-07T17:53:46.011499+00:00,NRF,4.78,True
2026-10-07T17:53:46.015551+00:00,AMF,4.76,True
2026-10-07T17:53:46.027263+00:00,SMF,4.75,True
2026-10-07T17:53:46.036037+00:00,UPF,3.94,True
2026-10-07T17:53:46.083395+00:00,PCF,2.45,True
2026-10-07T17:53:46.088398+00:00,UDM,4.04,True
2026-10-07T17:53:55.158433+00:00,NRF,1.45,True
2026-10-07T17:53:55.162259+00:00,AMF,1.81,True
2026-10-07T17:53:55.166333+00:00,SMF,2.56,True
2026-10-07T17:53:55.168435+00:00,UPF,1.85,True
2026-10-07T17:53:55.170267+00:00,NRF,0.63,True
2026-10-07T17:53:55.172075+00:00,AMF,4.64,True
2026-10-07T17:53:55.173848+00:00,SMF,1.62,True
2026-10-07T17:53:55.176082+00:00,UPF,4.39,True
2026-10-07T17:53:55.178285+00:00,PCF,4.67,True
2026-10-07T17:53:55.179290+00:00,UDM,0.58,True
2026-10-07T17:54:02.305623+00:00,NRF,1.3,True
2026-10-07T17:54:02.308614+00:00,AMF,0.9,True
2026-10-07T17:54:02.311640+00:00,SMF,2.83,True
2026-10-07T17:54:02.318167+00:00,UPF,1.24,True
2026-10-07T17:54:02.320168+00:00,NRF,1.11,True
2026-10-07T17:54:02.322189+00:00,AMF,3.36,True
2026-10-07T17:54:02.323187+00:00,SMF,4.24,True
2026-10-07T17:54:02.325189+00:00,UPF,4.64,True
2026-10-07T17:54:02.326190+00:00,PCF,2.88,True
2026-10-07T17:54:02.328191+00:00,UDM,2.08,True
2026-10-07T17:54:10.192111+00:00,NRF,0.68,True
2026-10-07T17:54:10.193482+00:00,AMF,1.56,True
2026-10-07T17:54:10.195973+00:00,SMF,2.24,True
2026-10-07T17:54:10.197047+00:00,UPF,0.55,True
2026-10-07T17:54:10.198070+00:00,NRF,3.89,True
2026-10-07T17:54:10.199056+00:00,AMF,2.52,True
2026-10-07T17:54:10.199056+00:00,SMF,4.5,True
2026-10-07T17:54:10.200056+00:00,UPF,2.55,True
2026-10-07T17:54:10.200056+00:00,PCF,3.82,True
2026-10-07T17:54:10.201058+00:00,UDM,1.62,True
2026-10-07T17:54:16.005397+00:00,NRF,1.32,True
2026-10-07T17:54:16.006487+00:00,AMF,1.03,True
2026-10-07T17:54:16.007568+00:00,SMF,1.1,True
2026-10-07T17:54:16.008113+00:00,UPF,1.03,True
2026-10-07T17:54:16.008746+00:00,NRF,4.59,True
2026-10-07T17:54:16.009754+00:00,AMF,2.3,True
2026-10-07T17:54:16.009754+00:00,SMF,0.79,True
2026-10-07T17:54:16.009754+00:00,UPF,3.5,True
2026-10-07T17:54:16.011271+00:00,PCF,2.34,True
2026-10-07T17:54:16.013106+00:00,UDM,1.8,True
2026-10-07T17:54:21.653493+00:00,NRF,0.69,True
2026-10-07T17:54:21.654493+00:00,AMF,2.34,True
2026-10-07T17:54:21.656368+00:00,SMF,2.12,True
2026-10-07T17:54:21.657384+00:00,UPF,0.63,True
2026-10-07T17:54:21.659385+00:00,NRF,0.51,True
2026-10-07T17:54:21.661905+00:00,AMF,1.76,True
2026-10-07T17:54:21.662932+00:00,SMF,1.31,True
2026-10-07T17:54:21.663922+00:00,UPF,2.72,True
2026-10-07T17:54:21.665496+00:00,PCF,2.63,True
2026-10-07T17:54:21.666011+00:00,UDM,0.58,True
2026-10-07T17:54:28.128461+00:00,NRF,1.95,True
2026-10-07T17:54:28.129836+00:00,AMF,1.15,True
2026-10-07T17:54:28.132304+00:00,SMF,1.19,True
2026-10-07T17:54:28.134070+00:00,UPF,1.49,True
2026-10-07T17:54:28.135926+00:00,NRF,3.0,True
2026-10-07T17:54:28.136456+00:00,AMF,0.79,True
2026-10-07T17:54:28.137054+00:00,SMF,3.41,True
2026-10-07T17:54:28.138176+00:00,UPF,2.7,True
2026-10-07T17:54:28.138870+00:00,PCF,4.71,True
2026-10-07T17:54:28.139416+00:00,UDM,2.4,True
2026-10-07T17:54:33.938374+00:00,NRF,0.81,True
2026-10-07T17:54:33.940386+00:00,AMF,0.58,True
2026-10-07T17:54:33.943537+00:00,SMF,2.35,True
2026-10-07T17:54:33.945543+00:00,UPF,0.87,True
2026-10-07T17:54:33.946543+00:00,NRF,1.7,True
2026-10-07T17:54:33.946543+00:00,AMF,1.24,True
2026-10-07T17:54:33.947542+00:00,SMF,4.03,True
2026-10-07T17:54:33.948539+00:00,UPF,4.43,True
2026-10-07T17:54:33.948539+00:00,PCF,2.74,True
2026-10-07T17:54:33.949539+00:00,UDM,1.15,True
2026-10-07T17:54:39.841853+00:00,NRF,0.75,True
2026-10-07T17:54:39.844750+00:00,AMF,0.54,True
2026-10-07T17:54:39.847009+00:00,SMF,1.98,True
2026-10-07T17:54:39.849085+00:00,UPF,0.84,True
2026-10-07T17:54:39.850320+00:00,NRF,3.09,True
2026-10-07T17:54:39.851440+00:00,AMF,2.36,True
2026-10-07T17:54:39.852021+00:00,SMF,4.07,True
2026-10-07T17:54:39.852582+00:00,UPF,4.37,True
2026-10-07T17:54:39.853705+00:00,PCF,4.04,True
2026-10-07T17:54:39.854278+00:00,UDM,1.91,True
2026-10-07T17:54:45.974375+00:00,NRF,1.52,True
2026-10-07T17:54:45.975672+00:00,AMF,0.6,True
2026-10-07T17:54:45.976244+00:00,SMF,1.94,True
2026-10-07T17:54:45.977256+00:00,UPF,1.41,True
2026-10-07T17:54:45.978253+00:00,NRF,4.0,True
2026-10-07T17:54:45.978253+00:00,AMF,1.66,True
2026-10-07T17:54:45.978253+00:00,SMF,3.6,True
2026-10-07T17:54:45.979266+00:00,UPF,1.42,True
2026-10-07T17:54:45.979266+00:00,PCF,0.64,True
2026-10-07T17:54:45.980262+00:00,UDM,3.55,True
2026-10-07T17:54:51.537294+00:00,NRF,1.27,True
2026-10-07T17:54:51.538648+00:00,AMF,2.33,True
2026-10-07T17:54:51.541472+00:00,SMF,2.48,True
2026-10-07T17:54:51.541472+00:00,UPF,1.77,True
2026-10-07T17:54:51.542482+00:00,NRF,2.33,True
2026-10-07T17:54:51.542482+00:00,AMF,3.08,True
2026-10-07T17:54:51.543482+00:00,SMF,2.51,True
2026-10-07T17:54:51.543482+00:00,UPF,1.63,True
2026-10-07T17:54:51.544519+00:00,PCF,2.13,True
2026-10-07T17:54:51.544519+00:00,UDM,0.76,True
2026-10-07T17:54:57.104219+00:00,NRF,0.63,True
2026-10-07T17:54:57.106224+00:00,AMF,1.08,True
2026-10-07T17:54:57.108220+00:00,SMF,2.61,True
2026-10-07T17:54:57.109220+00:00,UPF,1.17,True
2026-10-07T17:54:57.110220+00:00,NRF,3.46,True
2026-10-07T17:54:57.111229+00:00,AMF,3.87,True
2026-10-07T17:54:57.112228+00:00,SMF,0.77,True
2026-10-07T17:54:57.112228+00:00,UPF,0.58,True
2026-10-07T17:54:57.113239+00:00,PCF,2.46,True
2026-10-07T17:54:57.114246+00:00,UDM,2.53,True
2026-10-07T17:55:02.796079+00:00,NRF,0.94,True
2026-10-07T17:55:02.797202+00:00,AMF,1.61,True
2026-10-07T17:55:02.798281+00:00,SMF,2.98,True
2026-10-07T17:55:02.798281+00:00,UPF,1.93,True
2026-10-07T17:55:02.799294+00:00,NRF,1.03,True
2026-10-07T17:55:02.800328+00:00,AMF,1.86,True
2026-10-07T17:55:02.800328+00:00,SMF,0.75,True
2026-10-07T17:55:02.801297+00:00,UPF,4.99,True
2026-10-07T17:55:02.802299+00:00,PCF,0.73,True
2026-10-07T17:55:02.802299+00:00,UDM,2.13,True
2026-10-07T17:55:08.363396+00:00,NRF,1.13,True
2026-10-07T17:55:08.364466+00:00,AMF,2.58,True
2026-10-07T17:55:08.365475+00:00,SMF,0.67,True
2026-10-07T17:55:08.366475+00:00,UPF,1.57,True
2026-10-07T17:55:08.366475+00:00,NRF,4.95,True
2026-10-07T17:55:08.367476+00:00,AMF,2.5,True
2026-10-07T17:55:08.367476+00:00,SMF,1.39,True
2026-10-07T17:55:08.368474+00:00,UPF,2.02,True
2026-10-07T17:55:08.368474+00:00,PCF,3.78,True
2026-10-07T17:55:08.369474+00:00,UDM,2.05,True
2026-10-07T17:55:13.961677+00:00,NRF,1.04,True
2026-10-07T17:55:13.962759+00:00,AMF,2.5,True
2026-10-07T17:55:13.963766+00:00,SMF,1.09,True
2026-10-07T17:55:13.963766+00:00,UPF,1.48,True
2026-10-07T17:55:13.964767+00:00,NRF,1.02,True
2026-10-07T17:55:13.964767+00:00,AMF,0.56,True
2026-10-07T17:55:13.965769+00:00,SMF,2.88,True
2026-10-07T17:55:13.965769+00:00,UPF,1.04,True
2026-10-07T17:55:13.966770+00:00,PCF,1.94,True
2026-10-07T17:55:13.966770+00:00,UDM,2.8,True
2026-10-07T17:55:19.534933+00:00,NRF,1.21,True
2026-10-07T17:55:19.537050+00:00,AMF,0.54,True
2026-10-07T17:55:19.539050+00:00,SMF,0.82,True
2026-10-07T17:55:19.540049+00:00,UPF,1.38,True
2026-10-07T17:55:19.541051+00:00,NRF,4.34,True
2026-10-07T17:55:19.542050+00:00,AMF,2.52,True
2026-10-07T17:55:19.543053+00:00,SMF,1.05,True
2026-10-07T17:55:19.543053+00:00,UPF,4.38,True
2026-10-07T17:55:19.544054+00:00,PCF,0.9,True
2026-10-07T17:55:19.545049+00:00,UDM,4.77,True
2026-10-07T17:55:27.430875+00:00,NRF,0.91,True
2026-10-07T17:55:27.433878+00:00,AMF,2.89,True
2026-10-07T17:55:27.435961+00:00,SMF,1.36,True
2026-10-07T17:55:27.437959+00:00,UPF,0.58,True
2026-10-07T17:55:27.438962+00:00,NRF,0.79,True
2026-10-07T17:55:27.439966+00:00,AMF,3.06,True
2026-10-07T17:55:27.440962+00:00,SMF,4.29,True
2026-10-07T17:55:27.441962+00:00,UPF,1.38,True
2026-10-07T17:55:27.441962+00:00,PCF,1.33,True
2026-10-07T17:55:27.442960+00:00,UDM,3.83,True
2026-10-07T17:55:30.776589+00:00,NRF,0.77,True
2026-10-07T17:55:30.777592+00:00,AMF,2.26,True
2026-10-07T17:55:30.778592+00:00,SMF,2.74,True
2026-10-07T17:55:30.779590+00:00,UPF,0.98,True
2026-10-07T17:55:30.780592+00:00,NRF,1.89,True
2026-10-07T17:55:30.781590+00:00,AMF,3.42,True
2026-10-07T17:55:30.781590+00:00,SMF,3.57,True
2026-10-07T17:55:30.782588+00:00,UPF,1.76,True
2026-10-07T17:55:30.782588+00:00,PCF,4.92,True
2026-10-07T17:55:30.783590+00:00,UDM,2.31,True
2026-10-07T17:55:41.481316+00:00,NRF,0.77,True
2026-10-07T17:55:41.482438+00:00,AMF,2.27,True
2026-10-07T17:55:41.483451+00:00,SMF,2.65,True
2026-10-07T17:55:41.484449+00:00,UPF,1.6,True
2026-10-07T17:55:41.485456+00:00,NRF,1.38,True
2026-10-07T17:55:41.486445+00:00,AMF,2.61,True
2026-10-07T17:55:41.486445+00:00,SMF,4.43,True
2026-10-07T17:55:41.487446+00:00,UPF,2.54,True
2026-10-07T17:55:41.487446+00:00,PCF,3.69,True
2026-10-07T17:55:41.487446+00:00,UDM,3.35,True
2026-10-07T17:55:52.112832+00:00,NRF,1.62,True
2026-10-07T17:55:52.115506+00:00,AMF,2.73,True
2026-10-07T17:55:52.117524+00:00,SMF,1.6,True
2026-10-07T17:55:52.119524+00:00,UPF,1.21,True
2026-10-07T17:55:52.120036+00:00,NRF,4.55,True
2026-10-07T17:55:52.121052+00:00,AMF,4.66,True
2026-10-07T17:55:52.121052+00:00,SMF,2.11,True
2026-10-07T17:55:52.122052+00:00,UPF,1.3,True
2026-10-07T17:55:52.123053+00:00,PCF,2.42,True
2026-10-07T17:55:52.124054+00:00,UDM,3.03,True
2026-10-07T17:56:02.899354+00:00,NRF,1.25,True
2026-10-07T17:56:02.902108+00:00,AMF,1.57,True
2026-10-07T17:56:02.905114+00:00,SMF,0.78,True
2026-10-07T17:56:02.906114+00:00,UPF,1.45,True
2026-10-07T17:56:02.907130+00:00,NRF,4.53,True
2026-10-07T17:56:02.907130+00:00,AMF,1.79,True
2026-10-07T17:56:02.908117+00:00,SMF,0.99,True
2026-10-07T17:56:02.908117+00:00,UPF,4.14,True
2026-10-07T17:56:02.909117+00:00,PCF,4.33,True
2026-10-07T17:56:02.909117+00:00,UDM,1.47,True
2026-10-07T17:56:13.516694+00:00,NRF,1.04,True
2026-10-07T17:56:13.518386+00:00,AMF,2.44,True
2026-10-07T17:56:13.519413+00:00,SMF,1.81,True
2026-10-07T17:56:13.520399+00:00,UPF,1.91,True
2026-10-07T17:56:13.521437+00:00,NRF,4.22,True
2026-10-07T17:56:13.521437+00:00,AMF,1.85,True
2026-10-07T17:56:13.522398+00:00,SMF,4.19,True
2026-10-07T17:56:13.523435+00:00,UPF,1.4,True
2026-10-07T17:56:13.523435+00:00,PCF,4.35,True
2026-10-07T17:56:13.524395+00:00,UDM,2.74,True
2026-10-07T17:56:24.208905+00:00,NRF,0.58,True
2026-10-07T17:56:24.210022+00:00,AMF,2.73,True
2026-10-07T17:56:24.211773+00:00,SMF,1.52,True
2026-10-07T17:56:24.212901+00:00,UPF,1.73,True
2026-10-07T17:56:24.213912+00:00,NRF,4.79,True
2026-10-07T17:56:24.214912+00:00,AMF,4.66,True
2026-10-07T17:56:24.214912+00:00,SMF,2.84,True
2026-10-07T17:56:24.215914+00:00,UPF,0.71,True
2026-10-07T17:56:24.216915+00:00,PCF,4.69,True
2026-10-07T17:56:24.216915+00:00,UDM,4.09,True
2026-10-07T17:56:34.719877+00:00,NRF,1.61,True
2026-10-07T17:56:34.720970+00:00,AMF,1.16,True
2026-10-07T17:56:34.724497+00:00,SMF,2.71,True
2026-10-07T17:56:34.725508+00:00,UPF,1.77,True
2026-10-07T17:56:34.726507+00:00,NRF,4.46,True
2026-10-07T17:56:34.727507+00:00,AMF,4.05,True
2026-10-07T17:56:34.727507+00:00,SMF,4.69,True
2026-10-07T17:56:34.728511+00:00,UPF,3.34,True
2026-10-07T17:56:34.728511+00:00,PCF,3.01,True
2026-10-07T17:56:34.728511+00:00,UDM,4.85,True
2026-10-07T17:56:45.264422+00:00,NRF,1.84,True
2026-10-07T17:56:45.265477+00:00,AMF,2.83,True
2026-10-07T17:56:45.266015+00:00,SMF,0.88,True
2026-10-07T17:56:45.268025+00:00,UPF,0.98,True
2026-10-07T17:56:45.268025+00:00,NRF,1.74,True
2026-10-07T17:56:45.269039+00:00,AMF,3.75,True
2026-10-07T17:56:45.269039+00:00,SMF,3.67,True
2026-10-07T17:56:45.269039+00:00,UPF,2.43,True
2026-10-07T17:56:45.270025+00:00,PCF,2.28,True
2026-10-07T17:56:45.270604+00:00,UDM,3.3,True
2026-10-07T17:56:55.787764+00:00,NRF,1.09,True
2026-10-07T17:56:55.788851+00:00,AMF,0.96,True
2026-10-07T17:56:55.790862+00:00,SMF,2.25,True
2026-10-07T17:56:55.791861+00:00,UPF,1.82,True
2026-10-07T17:56:55.792294+00:00,NRF,0.52,True
2026-10-07T17:56:55.793380+00:00,AMF,0.52,True
2026-10-07T17:56:55.794394+00:00,SMF,4.63,True
2026-10-07T17:56:55.794903+00:00,UPF,1.14,True
2026-10-07T17:56:55.794903+00:00,PCF,0.58,True
2026-10-07T17:56:55.795913+00:00,UDM,4.74,True
2026-10-07T17:57:06.666523+00:00,NRF,0.78,True
2026-10-07T17:57:06.677265+00:00,AMF,1.54,True
2026-10-07T17:57:06.682589+00:00,SMF,2.87,True
2026-10-07T17:57:06.688590+00:00,UPF,0.99,True
2026-10-07T17:57:06.691616+00:00,NRF,4.52,True
2026-10-07T17:57:06.700207+00:00,AMF,3.0,True
2026-10-07T17:57:06.703751+00:00,SMF,2.51,True
2026-10-07T17:57:06.714838+00:00,UPF,2.19,True
2026-10-07T17:57:06.720517+00:00,PCF,4.38,True
2026-10-07T17:57:06.723771+00:00,UDM,3.83,True
2026-10-07T17:57:19.546797+00:00,NRF,0.84,True
2026-10-07T17:57:19.562348+00:00,AMF,1.92,True
2026-10-07T17:57:19.566118+00:00,SMF,2.89,True
2026-10-07T17:57:19.571098+00:00,UPF,0.74,True
2026-10-07T17:57:19.575100+00:00,NRF,1.26,True
2026-10-07T17:57:19.577108+00:00,AMF,2.04,True
2026-10-07T17:57:19.580101+00:00,SMF,2.5,True
2026-10-07T17:57:19.585137+00:00,UPF,2.29,True
2026-10-07T17:57:19.590134+00:00,PCF,3.7,True
2026-10-07T17:57:19.594135+00:00,UDM,3.17,True
2026-10-07T17:57:31.969545+00:00,NRF,1.65,True
2026-10-07T17:57:31.975326+00:00,AMF,2.71,True
2026-10-07T17:57:31.978513+00:00,SMF,1.51,True
2026-10-07T17:57:31.983592+00:00,UPF,1.42,True
2026-10-07T17:57:31.989249+00:00,NRF,2.42,True
2026-10-07T17:57:31.993246+00:00,AMF,1.73,True
2026-10-07T17:57:31.997814+00:00,SMF,1.12,True
2026-10-07T17:57:32.001816+00:00,UPF,2.2,True
2026-10-07T17:57:32.004838+00:00,PCF,3.76,True
2026-10-07T17:57:32.008832+00:00,UDM,1.99,True
2026-10-07T17:57:44.056580+00:00,NRF,1.95,True
2026-10-07T17:57:44.060642+00:00,AMF,1.13,True
2026-10-07T17:57:44.063674+00:00,SMF,0.85,True
2026-10-07T17:57:44.067584+00:00,UPF,1.27,True
2026-10-07T17:57:44.071532+00:00,NRF,0.98,True
2026-10-07T17:57:44.074724+00:00,AMF,3.78,True
2026-10-07T17:57:44.075754+00:00,SMF,1.07,True
2026-10-07T17:57:44.077753+00:00,UPF,3.61,True
2026-10-07T17:57:44.078760+00:00,PCF,2.72,True
2026-10-07T17:57:44.080807+00:00,UDM,3.07,True
2026-10-07T17:57:56.286298+00:00,NRF,1.41,True
2026-10-07T17:57:56.293062+00:00,AMF,2.62,True
2026-10-07T17:57:56.296659+00:00,SMF,1.07,True
2026-10-07T17:57:56.300822+00:00,UPF,1.16,True
2026-10-07T17:57:56.305806+00:00,NRF,3.11,True
2026-10-07T17:57:56.309695+00:00,AMF,4.35,True
2026-10-07T17:57:56.313857+00:00,SMF,4.02,True
2026-10-07T17:57:56.318627+00:00,UPF,3.63,True
2026-10-07T17:57:56.321885+00:00,PCF,3.21,True
2026-10-07T17:57:56.324989+00:00,UDM,4.33,True
2026-10-07T17:58:08.458386+00:00,NRF,0.99,True
2026-10-07T17:58:08.461316+00:00,AMF,1.17,True
2026-10-07T17:58:08.464346+00:00,SMF,2.01,True
2026-10-07T17:58:08.475349+00:00,UPF,1.3,True
2026-10-07T17:58:08.477937+00:00,NRF,3.07,True
2026-10-07T17:58:08.480760+00:00,AMF,2.28,True
2026-10-07T17:58:08.485219+00:00,SMF,1.41,True
2026-10-07T17:58:08.487214+00:00,UPF,3.59,True
2026-10-07T17:58:08.491020+00:00,PCF,3.7,True
2026-10-07T17:58:08.492370+00:00,UDM,3.21,True
2026-10-07T17:58:20.326045+00:00,NRF,1.84,True
2026-10-07T17:58:20.332057+00:00,AMF,1.06,True
2026-10-07T17:58:20.338070+00:00,SMF,2.42,True
2026-10-07T17:58:20.342041+00:00,UPF,1.26,True
2026-10-07T17:58:20.346200+00:00,NRF,1.29,True
2026-10-07T17:58:20.352428+00:00,AMF,0.64,True
2026-10-07T17:58:20.358175+00:00,SMF,4.45,True
2026-10-07T17:58:20.360857+00:00,UPF,4.26,True
2026-10-07T17:58:20.364393+00:00,PCF,2.45,True
2026-10-07T17:58:20.367467+00:00,UDM,4.93,True
2026-10-07T17:58:32.306633+00:00,NRF,1.67,True
2026-10-07T17:58:32.312064+00:00,AMF,2.86,True
2026-10-07T17:58:32.316093+00:00,SMF,0.86,True
2026-10-07T17:58:32.321076+00:00,UPF,1.26,True
2026-10-07T17:58:32.325843+00:00,NRF,2.0,True
2026-10-07T17:58:32.330213+00:00,AMF,4.43,True
2026-10-07T17:58:32.334310+00:00,SMF,3.09,True
2026-10-07T17:58:32.336504+00:00,UPF,4.18,True
2026-10-07T17:58:32.338628+00:00,PCF,2.9,True
2026-10-07T17:58:32.340135+00:00,UDM,0.8,True
2026-10-07T17:58:44.399490+00:00,NRF,0.51,True
2026-10-07T17:58:44.403728+00:00,AMF,1.07,True
2026-10-07T17:58:44.410265+00:00,SMF,2.47,True
2026-10-07T17:58:44.414733+00:00,UPF,1.01,True
2026-10-07T17:58:44.418865+00:00,NRF,4.52,True
2026-10-07T17:58:44.421470+00:00,AMF,1.71,True
2026-10-07T17:58:44.424087+00:00,SMF,3.23,True
2026-10-07T17:58:44.427099+00:00,UPF,2.05,True
2026-10-07T17:58:44.430116+00:00,PCF,4.01,True
2026-10-07T17:58:44.433124+00:00,UDM,4.16,True
2026-10-07T17:58:56.417840+00:00,NRF,1.61,True
2026-10-07T17:58:56.424659+00:00,AMF,1.67,True
2026-10-07T17:58:56.430402+00:00,SMF,1.58,True
2026-10-07T17:58:56.434449+00:00,UPF,1.56,True
2026-10-07T17:58:56.439444+00:00,NRF,0.66,True
2026-10-07T17:58:56.442800+00:00,AMF,3.13,True
2026-10-07T17:58:56.445909+00:00,SMF,3.43,True
2026-10-07T17:58:56.448949+00:00,UPF,1.3,True
2026-10-07T17:58:56.451962+00:00,PCF,2.47,True
2026-10-07T17:58:56.454939+00:00,UDM,1.4,True
2026-10-07T17:59:08.451425+00:00,NRF,0.89,True
2026-10-07T17:59:08.456989+00:00,AMF,2.5,True
2026-10-07T17:59:08.461746+00:00,SMF,1.34,True
2026-10-07T17:59:08.464859+00:00,UPF,0.82,True
2026-10-07T17:59:08.468867+00:00,NRF,4.77,True
2026-10-07T17:59:08.470862+00:00,AMF,1.79,True
2026-10-07T17:59:08.472858+00:00,SMF,3.84,True
2026-10-07T17:59:08.476394+00:00,UPF,0.54,True
2026-10-07T17:59:08.479432+00:00,PCF,1.49,True
2026-10-07T17:59:08.483495+00:00,UDM,3.0,True
2026-10-07T17:59:20.686427+00:00,NRF,1.84,True
2026-10-07T17:59:20.688423+00:00,AMF,0.99,True
2026-10-07T17:59:20.691204+00:00,SMF,2.81,True
2026-10-07T17:59:20.695786+00:00,UPF,0.65,True
2026-10-07T17:59:20.698784+00:00,NRF,1.67,True
2026-10-07T17:59:20.700784+00:00,AMF,0.86,True
2026-10-07T17:59:20.705997+00:00,SMF,1.41,True
2026-10-07T17:59:20.710032+00:00,UPF,4.12,True
2026-10-07T17:59:20.713974+00:00,PCF,4.31,True
2026-10-07T17:59:20.715972+00:00,UDM,0.56,True
2026-10-07T17:59:32.793369+00:00,NRF,1.43,True
2026-10-07T17:59:32.797959+00:00,AMF,2.42,True
2026-10-07T17:59:32.805451+00:00,SMF,2.22,True
2026-10-07T17:59:32.810991+00:00,UPF,1.8,True
2026-10-07T17:59:32.815035+00:00,NRF,2.54,True
2026-10-07T17:59:32.821722+00:00,AMF,2.49,True
2026-10-07T17:59:32.826728+00:00,SMF,3.48,True
2026-10-07T17:59:32.829718+00:00,UPF,2.47,True
2026-10-07T17:59:32.832710+00:00,PCF,2.18,True
2026-10-07T17:59:32.837335+00:00,UDM,0.85,True
2026-10-07T17:59:45.005854+00:00,NRF,0.84,True
2026-10-07T17:59:45.009049+00:00,AMF,0.73,True
2026-10-07T17:59:45.013979+00:00,SMF,2.81,True
2026-10-07T17:59:45.016981+00:00,UPF,1.53,True
2026-10-07T17:59:45.021447+00:00,NRF,2.91,True
2026-10-07T17:59:45.025627+00:00,AMF,2.77,True
2026-10-07T17:59:45.028011+00:00,SMF,4.04,True
2026-10-07T17:59:45.031621+00:00,UPF,2.24,True
2026-10-07T17:59:45.035406+00:00,PCF,4.43,True
2026-10-07T17:59:45.039449+00:00,UDM,2.23,True
2026-10-07T17:59:57.295475+00:00,NRF,1.81,True
2026-10-07T17:59:57.300509+00:00,AMF,1.81,True
2026-10-07T17:59:57.306504+00:00,SMF,2.26,True
2026-10-07T17:59:57.309505+00:00,UPF,0.83,True
2026-10-07T17:59:57.312635+00:00,NRF,2.69,True
2026-10-07T17:59:57.319856+00:00,AMF,0.86,True
2026-10-07T17:59:57.322154+00:00,SMF,1.97,True
2026-10-07T17:59:57.325653+00:00,UPF,2.85,True
2026-10-07T17:59:57.329948+00:00,PCF,2.13,True
2026-10-07T17:59:57.332947+00:00,UDM,1.98,True
2026-10-07T18:00:09.463896+00:00,NRF,1.48,True
2026-10-07T18:00:09.471020+00:00,AMF,1.62,True
2026-10-07T18:00:09.476545+00:00,SMF,0.55,True
2026-10-07T18:00:09.483190+00:00,UPF,0.65,True
2026-10-07T18:00:09.488170+00:00,NRF,2.62,True
2026-10-07T18:00:09.491170+00:00,AMF,2.25,True
2026-10-07T18:00:09.493170+00:00,SMF,4.38,True
2026-10-07T18:00:09.494174+00:00,UPF,3.37,True
2026-10-07T18:00:09.497257+00:00,PCF,2.82,True
2026-10-07T18:00:09.499288+00:00,UDM,4.19,True
2026-10-07T18:00:21.523783+00:00,NRF,1.19,True
2026-10-07T18:00:21.527768+00:00,AMF,0.63,True
2026-10-07T18:00:21.532744+00:00,SMF,1.84,True
2026-10-07T18:00:21.538763+00:00,UPF,1.46,True
2026-10-07T18:00:21.543720+00:00,NRF,4.94,True
2026-10-07T18:00:21.549091+00:00,AMF,1.42,True
2026-10-07T18:00:21.553233+00:00,SMF,4.02,True
2026-10-07T18:00:21.556210+00:00,UPF,3.53,True
2026-10-07T18:00:21.560200+00:00,PCF,2.76,True
2026-10-07T18:00:21.563188+00:00,UDM,1.66,True
2026-10-07T18:00:33.717436+00:00,NRF,1.08,True
2026-10-07T18:00:33.720456+00:00,AMF,0.71,True
2026-10-07T18:00:33.723458+00:00,SMF,0.85,True
2026-10-07T18:00:33.725457+00:00,UPF,1.08,True
2026-10-07T18:00:33.729716+00:00,NRF,0.71,True
2026-10-07T18:00:33.734280+00:00,AMF,4.54,True
2026-10-07T18:00:33.738281+00:00,SMF,4.61,True
2026-10-07T18:00:33.742288+00:00,UPF,3.23,True
2026-10-07T18:00:33.745822+00:00,PCF,0.89,True
2026-10-07T18:00:33.748837+00:00,UDM,3.27,True
2026-10-07T18:00:45.634666+00:00,NRF,0.97,True
2026-10-07T18:00:45.638668+00:00,AMF,0.61,True
2026-10-07T18:00:45.644563+00:00,SMF,1.96,True
2026-10-07T18:00:45.650606+00:00,UPF,1.51,True
2026-10-07T18:00:45.654132+00:00,NRF,2.83,True
2026-10-07T18:00:45.662153+00:00,AMF,0.61,True
2026-10-07T18:00:45.667160+00:00,SMF,0.53,True
2026-10-07T18:00:45.669745+00:00,UPF,0.97,True
2026-10-07T18:00:45.671746+00:00,PCF,2.68,True
2026-10-07T18:00:45.675573+00:00,UDM,4.32,True
2026-10-07T18:00:57.948244+00:00,NRF,1.59,True
2026-10-07T18:00:57.953203+00:00,AMF,2.67,True
2026-10-07T18:00:57.958213+00:00,SMF,1.26,True
2026-10-07T18:00:57.964799+00:00,UPF,1.06,True
2026-10-07T18:00:57.970271+00:00,NRF,2.81,True
2026-10-07T18:00:57.974575+00:00,AMF,3.34,True
2026-10-07T18:00:57.978143+00:00,SMF,1.1,True
2026-10-07T18:00:57.982015+00:00,UPF,2.13,True
2026-10-07T18:00:57.984683+00:00,PCF,1.77,True
2026-10-07T18:00:57.987720+00:00,UDM,4.69,True
2026-10-07T18:01:10.200720+00:00,NRF,1.25,True
2026-10-07T18:01:10.209247+00:00,AMF,1.8,True
2026-10-07T18:01:10.213777+00:00,SMF,0.82,True
2026-10-07T18:01:10.218120+00:00,UPF,0.56,True
2026-10-07T18:01:10.223217+00:00,NRF,4.34,True
2026-10-07T18:01:10.226850+00:00,AMF,0.98,True
2026-10-07T18:01:10.230706+00:00,SMF,1.52,True
2026-10-07T18:01:10.234747+00:00,UPF,4.47,True
2026-10-07T18:01:10.237744+00:00,PCF,3.83,True
2026-10-07T18:01:10.241745+00:00,UDM,4.22,True
2026-10-07T18:01:22.289660+00:00,NRF,1.06,True
2026-10-07T18:01:22.295181+00:00,AMF,2.18,True
2026-10-07T18:01:22.298215+00:00,SMF,1.89,True
2026-10-07T18:01:22.305223+00:00,UPF,0.84,True
2026-10-07T18:01:22.310858+00:00,NRF,1.9,True
2026-10-07T18:01:22.314843+00:00,AMF,4.83,True
2026-10-07T18:01:22.316843+00:00,SMF,3.62,True
2026-10-07T18:01:22.319843+00:00,UPF,2.59,True
2026-10-07T18:01:22.323853+00:00,PCF,4.01,True
2026-10-07T18:01:22.327009+00:00,UDM,0.69,True
2026-10-07T18:01:34.422728+00:00,NRF,1.3,True
2026-10-07T18:01:34.425731+00:00,AMF,1.12,True
2026-10-07T18:01:34.427729+00:00,SMF,1.03,True
2026-10-07T18:01:34.429726+00:00,UPF,0.94,True
2026-10-07T18:01:34.431759+00:00,NRF,1.8,True
2026-10-07T18:01:34.433750+00:00,AMF,1.49,True
2026-10-07T18:01:34.434751+00:00,SMF,0.52,True
2026-10-07T18:01:34.437342+00:00,UPF,3.96,True
2026-10-07T18:01:34.439348+00:00,PCF,1.86,True
2026-10-07T18:01:34.441347+00:00,UDM,4.0,True
2026-10-07T18:01:46.330711+00:00,NRF,1.48,True
2026-10-07T18:01:46.336720+00:00,AMF,0.98,True
2026-10-07T18:01:46.342752+00:00,SMF,1.11,True
2026-10-07T18:01:46.348299+00:00,UPF,1.23,True
2026-10-07T18:01:46.355866+00:00,NRF,1.9,True
2026-10-07T18:01:46.359863+00:00,AMF,2.46,True
2026-10-07T18:01:46.364857+00:00,SMF,3.51,True
2026-10-07T18:01:46.367900+00:00,UPF,0.92,True
2026-10-07T18:01:46.371863+00:00,PCF,1.95,True
2026-10-07T18:01:46.374855+00:00,UDM,2.69,True
2026-10-07T18:01:58.318295+00:00,NRF,1.63,True
2026-10-07T18:01:58.323831+00:00,AMF,0.87,True
2026-10-07T18:01:58.326859+00:00,SMF,1.11,True
2026-10-07T18:01:58.331863+00:00,UPF,1.01,True
2026-10-07T18:01:58.335497+00:00,NRF,2.48,True
2026-10-07T18:01:58.337496+00:00,AMF,2.56,True
2026-10-07T18:01:58.339500+00:00,SMF,1.48,True
2026-10-07T18:01:58.341498+00:00,UPF,0.81,True
2026-10-07T18:01:58.343508+00:00,PCF,1.26,True
2026-10-07T18:01:58.346058+00:00,UDM,4.11,True
2026-10-07T18:02:10.388521+00:00,NRF,1.42,True
2026-10-07T18:02:10.394526+00:00,AMF,2.55,True
2026-10-07T18:02:10.396068+00:00,SMF,2.99,True
2026-10-07T18:02:10.399069+00:00,UPF,1.07,True
2026-10-07T18:02:10.401072+00:00,NRF,2.65,True
2026-10-07T18:02:10.408870+00:00,AMF,3.47,True
2026-10-07T18:02:10.415890+00:00,SMF,1.57,True
2026-10-07T18:02:10.421895+00:00,UPF,2.39,True
2026-10-07T18:02:10.424891+00:00,PCF,2.04,True
2026-10-07T18:02:10.425893+00:00,UDM,2.52,True
2026-10-07T18:02:22.495408+00:00,NRF,0.56,True
2026-10-07T18:02:22.499406+00:00,AMF,2.51,True
2026-10-07T18:02:22.502409+00:00,SMF,1.08,True
2026-10-07T18:02:22.506408+00:00,UPF,1.09,True
2026-10-07T18:02:22.510843+00:00,NRF,2.3,True
2026-10-07T18:02:22.518011+00:00,AMF,2.51,True
2026-10-07T18:02:22.519475+00:00,SMF,3.15,True
2026-10-07T18:02:22.521523+00:00,UPF,4.56,True
2026-10-07T18:02:22.523553+00:00,PCF,2.11,True
2026-10-07T18:02:22.525551+00:00,UDM,3.46,True
2026-10-07T18:02:34.269429+00:00,NRF,0.79,True
2026-10-07T18:02:34.275774+00:00,AMF,1.83,True
2026-10-07T18:02:34.283544+00:00,SMF,2.06,True
2026-10-07T18:02:34.290122+00:00,UPF,0.77,True
2026-10-07T18:02:34.296692+00:00,NRF,2.39,True
2026-10-07T18:02:34.302179+00:00,AMF,0.58,True
2026-10-07T18:02:34.307717+00:00,SMF,2.56,True
2026-10-07T18:02:34.310708+00:00,UPF,3.9,True
2026-10-07T18:02:34.314705+00:00,PCF,3.5,True
2026-10-07T18:02:34.318718+00:00,UDM,4.8,True
2026-10-07T18:02:46.789753+00:00,NRF,0.76,True
2026-10-07T18:02:46.791966+00:00,AMF,1.29,True
2026-10-07T18:02:46.794728+00:00,SMF,2.45,True
2026-10-07T18:02:46.795698+00:00,UPF,1.16,True
2026-10-07T18:02:46.797750+00:00,NRF,0.93,True
2026-10-07T18:02:46.798754+00:00,AMF,2.93,True
2026-10-07T18:02:46.800757+00:00,SMF,3.62,True
2026-10-07T18:02:46.801756+00:00,UPF,4.36,True
2026-10-07T18:02:46.804361+00:00,PCF,1.14,True
2026-10-07T18:02:46.806882+00:00,UDM,3.99,True
2026-10-07T18:02:58.913118+00:00,NRF,1.14,True
2026-10-07T18:02:58.917129+00:00,AMF,2.46,True
2026-10-07T18:02:58.920128+00:00,SMF,2.97,True
2026-10-07T18:02:58.924123+00:00,UPF,0.9,True
2026-10-07T18:02:58.926956+00:00,NRF,3.29,True
2026-10-07T18:02:58.931798+00:00,AMF,4.47,True
2026-10-07T18:02:58.936937+00:00,SMF,2.98,True
2026-10-07T18:02:58.940184+00:00,UPF,2.46,True
2026-10-07T18:02:58.942316+00:00,PCF,1.91,True
2026-10-07T18:02:58.944893+00:00,UDM,2.43,True
2026-10-07T18:03:11.119206+00:00,NRF,1.95,True
2026-10-07T18:03:11.122313+00:00,AMF,0.85,True
2026-10-07T18:03:11.126171+00:00,SMF,1.78,True
2026-10-07T18:03:11.133210+00:00,UPF,1.96,True
2026-10-07T18:03:11.137210+00:00,NRF,4.66,True
2026-10-07T18:03:11.142203+00:00,AMF,1.18,True
2026-10-07T18:03:11.144730+00:00,SMF,4.09,True
2026-10-07T18:03:11.148697+00:00,UPF,4.03,True
2026-10-07T18:03:11.151756+00:00,PCF,3.29,True
2026-10-07T18:03:11.156165+00:00,UDM,2.85,True
2026-10-07T18:03:23.396518+00:00,NRF,1.57,True
2026-10-07T18:03:23.399741+00:00,AMF,1.21,True
2026-10-07T18:03:23.402740+00:00,SMF,2.45,True
2026-10-07T18:03:23.406738+00:00,UPF,1.44,True
2026-10-07T18:03:23.409575+00:00,NRF,3.06,True
2026-10-07T18:03:23.412570+00:00,AMF,1.78,True
2026-10-07T18:03:23.414568+00:00,SMF,3.78,True
2026-10-07T18:03:23.415569+00:00,UPF,2.08,True
2026-10-07T18:03:23.417566+00:00,PCF,4.24,True
2026-10-07T18:03:23.419565+00:00,UDM,2.9,True
2026-10-07T18:03:35.579052+00:00,NRF,0.72,True
2026-10-07T18:03:35.583290+00:00,AMF,2.69,True
2026-10-07T18:03:35.585875+00:00,SMF,2.05,True
2026-10-07T18:03:35.589059+00:00,UPF,0.87,True
2026-10-07T18:03:35.592149+00:00,NRF,4.25,True
2026-10-07T18:03:35.595271+00:00,AMF,2.66,True
2026-10-07T18:03:35.596814+00:00,SMF,4.27,True
2026-10-07T18:03:35.598364+00:00,UPF,4.33,True
2026-10-07T18:03:35.600443+00:00,PCF,4.82,True
2026-10-07T18:03:35.601992+00:00,UDM,4.17,True
2026-10-07T18:03:47.636959+00:00,NRF,2.0,True
2026-10-07T18:03:47.640967+00:00,AMF,2.19,True
2026-10-07T18:03:47.645777+00:00,SMF,1.52,True
2026-10-07T18:03:47.648835+00:00,UPF,0.5,True
2026-10-07T18:03:47.650799+00:00,NRF,4.33,True
2026-10-07T18:03:47.651798+00:00,AMF,0.51,True
2026-10-07T18:03:47.653518+00:00,SMF,3.5,True
2026-10-07T18:03:47.654515+00:00,UPF,1.68,True
2026-10-07T18:03:47.655518+00:00,PCF,2.34,True
2026-10-07T18:03:47.657058+00:00,UDM,2.39,True
2026-10-07T18:03:59.533185+00:00,NRF,1.9,True
2026-10-07T18:03:59.539022+00:00,AMF,0.75,True
2026-10-07T18:03:59.544017+00:00,SMF,2.41,True
2026-10-07T18:03:59.548589+00:00,UPF,1.59,True
2026-10-07T18:03:59.553125+00:00,NRF,3.83,True
2026-10-07T18:03:59.555862+00:00,AMF,4.65,True
2026-10-07T18:03:59.559446+00:00,SMF,4.57,True
2026-10-07T18:03:59.563035+00:00,UPF,4.06,True
2026-10-07T18:03:59.568520+00:00,PCF,1.96,True
2026-10-07T18:03:59.572515+00:00,UDM,2.17,True
2026-10-07T18:04:11.822043+00:00,NRF,0.87,True
2026-10-07T18:04:11.827610+00:00,AMF,1.7,True
2026-10-07T18:04:11.833693+00:00,SMF,0.73,True
2026-10-07T18:04:11.839666+00:00,UPF,1.01,True
2026-10-07T18:04:11.843516+00:00,NRF,2.73,True
2026-10-07T18:04:11.847267+00:00,AMF,1.11,True
2026-10-07T18:04:11.853683+00:00,SMF,2.46,True
2026-10-07T18:04:11.856972+00:00,UPF,2.48,True
2026-10-07T18:04:11.859970+00:00,PCF,1.52,True
2026-10-07T18:04:11.863963+00:00,UDM,4.47,True
2026-10-07T18:04:24.027938+00:00,NRF,1.58,True
2026-10-07T18:04:24.034765+00:00,AMF,1.99,True
2026-10-07T18:04:24.038716+00:00,SMF,1.39,True
2026-10-07T18:04:24.041943+00:00,UPF,1.46,True
2026-10-07T18:04:24.044762+00:00,NRF,4.73,True
2026-10-07T18:04:24.047985+00:00,AMF,4.85,True
2026-10-07T18:04:24.050623+00:00,SMF,1.94,True
2026-10-07T18:04:24.052723+00:00,UPF,4.33,True
2026-10-07T18:04:24.054812+00:00,PCF,1.5,True
2026-10-07T18:04:24.056895+00:00,UDM,4.3,True
2026-10-07T18:04:36.571845+00:00,NRF,1.36,True
2026-10-07T18:04:36.639791+00:00,AMF,1.55,True
2026-10-07T18:04:36.659389+00:00,SMF,0.8,True
2026-10-07T18:04:36.700538+00:00,UPF,1.56,True
2026-10-07T18:04:36.707191+00:00,NRF,2.44,True
2026-10-07T18:04:36.717361+00:00,AMF,1.8,True
2026-10-07T18:04:36.730773+00:00,SMF,3.01,True
2026-10-07T18:04:36.734781+00:00,UPF,4.59,True
2026-10-07T18:04:36.747712+00:00,PCF,1.35,True
2026-10-07T18:04:36.758600+00:00,UDM,4.53,True
2026-10-07T18:05:45.481389+00:00,NRF,0.98,True
2026-10-07T18:05:45.482390+00:00,AMF,1.32,True
2026-10-07T18:05:45.484390+00:00,SMF,2.89,True
2026-10-07T18:05:45.485394+00:00,UPF,1.84,True
2026-10-07T18:05:45.488387+00:00,NRF,2.85,True
2026-10-07T18:05:45.490392+00:00,AMF,3.7,True
2026-10-07T18:05:45.490392+00:00,SMF,2.79,True
2026-10-07T18:05:45.491911+00:00,UPF,0.97,True
2026-10-07T18:05:45.492931+00:00,PCF,4.19,True
2026-10-07T18:05:45.493925+00:00,UDM,4.84,True
2026-10-07T18:05:52.184821+00:00,NRF,1.0,True
2026-10-07T18:05:52.185787+00:00,AMF,2.47,True
2026-10-07T18:05:52.186860+00:00,SMF,0.96,True
2026-10-07T18:05:52.186860+00:00,UPF,1.39,True
2026-10-07T18:05:52.187862+00:00,NRF,0.57,True
2026-10-07T18:05:52.187862+00:00,AMF,3.16,True
2026-10-07T18:05:52.188861+00:00,SMF,3.24,True
2026-10-07T18:05:52.188861+00:00,UPF,1.81,True
2026-10-07T18:05:52.189895+00:00,PCF,3.74,True
2026-10-07T18:05:52.190859+00:00,UDM,2.38,True
2026-10-07T18:05:57.683054+00:00,NRF,1.61,True
2026-10-07T18:05:57.684179+00:00,AMF,0.75,True
2026-10-07T18:05:57.686102+00:00,SMF,2.71,True
2026-10-07T18:05:57.687101+00:00,UPF,1.02,True
2026-10-07T18:05:57.688100+00:00,NRF,3.43,True
2026-10-07T18:05:57.688100+00:00,AMF,4.05,True
2026-10-07T18:05:57.689101+00:00,SMF,2.26,True
2026-10-07T18:05:57.690102+00:00,UPF,2.45,True
2026-10-07T18:05:57.690102+00:00,PCF,2.27,True
2026-10-07T18:05:57.691101+00:00,UDM,3.37,True
2026-10-07T18:06:03.599159+00:00,NRF,0.96,True
2026-10-07T18:06:03.600263+00:00,AMF,0.86,True
2026-10-07T18:06:03.604880+00:00,SMF,1.23,True
2026-10-07T18:06:03.606185+00:00,UPF,1.31,True
2026-10-07T18:06:03.607331+00:00,NRF,3.66,True
2026-10-07T18:06:03.608654+00:00,AMF,2.62,True
2026-10-07T18:06:03.611042+00:00,SMF,1.3,True
2026-10-07T18:06:03.612417+00:00,UPF,2.13,True
2026-10-07T18:06:03.613522+00:00,PCF,0.66,True
2026-10-07T18:06:03.614067+00:00,UDM,4.73,True
2026-10-07T18:06:09.426955+00:00,NRF,1.34,True
2026-10-07T18:06:09.427955+00:00,AMF,0.86,True
2026-10-07T18:06:09.428949+00:00,SMF,1.41,True
2026-10-07T18:06:09.428949+00:00,UPF,1.34,True
2026-10-07T18:06:09.429949+00:00,NRF,4.19,True
2026-10-07T18:06:09.430954+00:00,AMF,4.2,True
2026-10-07T18:06:09.430954+00:00,SMF,2.96,True
2026-10-07T18:06:09.431951+00:00,UPF,3.41,True
2026-10-07T18:06:09.431951+00:00,PCF,0.63,True
2026-10-07T18:06:09.432947+00:00,UDM,3.47,True
2026-10-07T18:06:15.070465+00:00,NRF,0.82,True
2026-10-07T18:06:15.071481+00:00,AMF,0.56,True
2026-10-07T18:06:15.072463+00:00,SMF,0.53,True
2026-10-07T18:06:15.073464+00:00,UPF,1.56,True
2026-10-07T18:06:15.073464+00:00,NRF,1.04,True
2026-10-07T18:06:15.073464+00:00,AMF,2.48,True
2026-10-07T18:06:15.074464+00:00,SMF,3.65,True
2026-10-07T18:06:15.074464+00:00,UPF,1.24,True
2026-10-07T18:06:15.074464+00:00,PCF,3.18,True
2026-10-07T18:06:15.075463+00:00,UDM,4.07,True
2026-10-07T18:06:20.633124+00:00,NRF,1.5,True
2026-10-07T18:06:20.634240+00:00,AMF,1.6,True
2026-10-07T18:06:20.635334+00:00,SMF,0.62,True
2026-10-07T18:06:20.636427+00:00,UPF,1.55,True
2026-10-07T18:06:20.636964+00:00,NRF,4.07,True
2026-10-07T18:06:20.637523+00:00,AMF,4.51,True
2026-10-07T18:06:20.638062+00:00,SMF,0.68,True
2026-10-07T18:06:20.638062+00:00,UPF,3.97,True
2026-10-07T18:06:20.639072+00:00,PCF,0.84,True
2026-10-07T18:06:20.639072+00:00,UDM,1.04,True
2026-10-07T18:06:26.183986+00:00,NRF,1.77,True
2026-10-07T18:06:26.186000+00:00,AMF,2.0,True
2026-10-07T18:06:26.187001+00:00,SMF,0.94,True
2026-10-07T18:06:26.187998+00:00,UPF,1.57,True
2026-10-07T18:06:26.188998+00:00,NRF,4.62,True
2026-10-07T18:06:26.188998+00:00,AMF,4.55,True
2026-10-07T18:06:26.189999+00:00,SMF,2.05,True
2026-10-07T18:06:26.189999+00:00,UPF,4.57,True
2026-10-07T18:06:26.191007+00:00,PCF,1.81,True
2026-10-07T18:06:26.191007+00:00,UDM,3.38,True
2026-10-07T18:06:31.711861+00:00,NRF,0.51,True
2026-10-07T18:06:31.714241+00:00,AMF,2.92,True
2026-10-07T18:06:31.715261+00:00,SMF,1.55,True
2026-10-07T18:06:31.717688+00:00,UPF,1.7,True
2026-10-07T18:06:31.718706+00:00,NRF,4.1,True
2026-10-07T18:06:31.718706+00:00,AMF,0.51,True
2026-10-07T18:06:31.719701+00:00,SMF,0.88,True
2026-10-07T18:06:31.719701+00:00,UPF,3.06,True
2026-10-07T18:06:31.719701+00:00,PCF,3.69,True
2026-10-07T18:06:31.720705+00:00,UDM,0.81,True
2026-10-07T18:06:37.226923+00:00,NRF,1.64,True
2026-10-07T18:06:37.227465+00:00,AMF,0.95,True
2026-10-07T18:06:37.228624+00:00,SMF,2.39,True
2026-10-07T18:06:37.229162+00:00,UPF,0.56,True
2026-10-07T18:06:37.230326+00:00,NRF,1.53,True
2026-10-07T18:06:37.230867+00:00,AMF,3.2,True
2026-10-07T18:06:37.231398+00:00,SMF,2.78,True
2026-10-07T18:06:37.231942+00:00,UPF,1.56,True
2026-10-07T18:06:37.231942+00:00,PCF,1.24,True
2026-10-07T18:06:37.231942+00:00,UDM,0.95,True
2026-10-07T18:06:42.861486+00:00,NRF,1.77,True
2026-10-07T18:06:42.864037+00:00,AMF,1.32,True
2026-10-07T18:06:42.865036+00:00,SMF,1.53,True
2026-10-07T18:06:42.866034+00:00,UPF,0.82,True
2026-10-07T18:06:42.867034+00:00,NRF,4.5,True
2026-10-07T18:06:42.868041+00:00,AMF,1.6,True
2026-10-07T18:06:42.869639+00:00,SMF,2.93,True
2026-10-07T18:06:42.870988+00:00,UPF,2.12,True
2026-10-07T18:06:42.872142+00:00,PCF,4.4,True
2026-10-07T18:06:42.872678+00:00,UDM,1.55,True
2026-10-07T18:06:48.955233+00:00,NRF,0.79,True
2026-10-07T18:06:48.959229+00:00,AMF,1.02,True
2026-10-07T18:06:48.965245+00:00,SMF,1.41,True
2026-10-07T18:06:48.967245+00:00,UPF,0.55,True
2026-10-07T18:06:48.970243+00:00,NRF,4.72,True
2026-10-07T18:06:48.971247+00:00,AMF,4.33,True
2026-10-07T18:06:48.972241+00:00,SMF,4.65,True
2026-10-07T18:06:48.973243+00:00,UPF,4.02,True
2026-10-07T18:06:48.975246+00:00,PCF,3.04,True
2026-10-07T18:06:48.975246+00:00,UDM,1.44,True
2026-10-07T18:06:55.239677+00:00,NRF,1.64,True
2026-10-07T18:06:55.243312+00:00,AMF,1.44,True
2026-10-07T18:06:55.245836+00:00,SMF,0.66,True
2026-10-07T18:06:55.247852+00:00,UPF,0.75,True
2026-10-07T18:06:55.248878+00:00,NRF,1.39,True
2026-10-07T18:06:55.249851+00:00,AMF,2.88,True
2026-10-07T18:06:55.250850+00:00,SMF,4.72,True
2026-10-07T18:06:55.250850+00:00,UPF,1.46,True
2026-10-07T18:06:55.252710+00:00,PCF,3.61,True
2026-10-07T18:06:55.253376+00:00,UDM,3.22,True
2026-10-07T18:07:01.463752+00:00,NRF,1.45,True
2026-10-07T18:07:01.466774+00:00,AMF,2.72,True
2026-10-07T18:07:01.470775+00:00,SMF,1.15,True
2026-10-07T18:07:01.471774+00:00,UPF,0.77,True
2026-10-07T18:07:01.473584+00:00,NRF,3.36,True
2026-10-07T18:07:01.475440+00:00,AMF,1.55,True
2026-10-07T18:07:01.477993+00:00,SMF,4.44,True
2026-10-07T18:07:01.478992+00:00,UPF,4.34,True
2026-10-07T18:07:01.480409+00:00,PCF,2.08,True
2026-10-07T18:07:01.482058+00:00,UDM,1.07,True
2026-10-07T18:07:07.720996+00:00,NRF,1.4,True
2026-10-07T18:07:07.724328+00:00,AMF,2.7,True
2026-10-07T18:07:07.726997+00:00,SMF,1.71,True
2026-10-07T18:07:07.729742+00:00,UPF,1.31,True
2026-10-07T18:07:07.730904+00:00,NRF,1.31,True
2026-10-07T18:07:07.732156+00:00,AMF,3.77,True
2026-10-07T18:07:07.733337+00:00,SMF,2.12,True
2026-10-07T18:07:07.735051+00:00,UPF,3.62,True
2026-10-07T18:07:07.736071+00:00,PCF,0.85,True
2026-10-07T18:07:07.737426+00:00,UDM,1.32,True
2026-10-07T18:07:14.330592+00:00,NRF,1.44,True
2026-10-07T18:07:14.331615+00:00,AMF,1.97,True
2026-10-07T18:07:14.333961+00:00,SMF,0.82,True
2026-10-07T18:07:14.335386+00:00,UPF,0.88,True
2026-10-07T18:07:14.336966+00:00,NRF,3.75,True
2026-10-07T18:07:14.338486+00:00,AMF,3.57,True
2026-10-07T18:07:14.339514+00:00,SMF,3.24,True
2026-10-07T18:07:14.341877+00:00,UPF,4.52,True
2026-10-07T18:07:14.344515+00:00,PCF,3.47,True
2026-10-07T18:07:14.345866+00:00,UDM,0.9,True
2026-10-07T18:07:23.148722+00:00,NRF,1.09,True
2026-10-07T18:07:23.150720+00:00,AMF,0.58,True
2026-10-07T18:07:23.151722+00:00,SMF,1.43,True
2026-10-07T18:07:23.153722+00:00,UPF,1.56,True
2026-10-07T18:07:23.155730+00:00,NRF,1.39,True
2026-10-07T18:07:23.159015+00:00,AMF,0.58,True
2026-10-07T18:07:23.167072+00:00,SMF,3.96,True
2026-10-07T18:07:23.168065+00:00,UPF,1.68,True
2026-10-07T18:07:23.170364+00:00,PCF,4.97,True
2026-10-07T18:07:23.171909+00:00,UDM,3.82,True
2026-10-07T18:07:32.930642+00:00,NRF,1.65,True
2026-10-07T18:07:32.934641+00:00,AMF,2.69,True
2026-10-07T18:07:32.936114+00:00,SMF,2.11,True
2026-10-07T18:07:32.937332+00:00,UPF,0.88,True
2026-10-07T18:07:32.939352+00:00,NRF,3.15,True
2026-10-07T18:07:32.941353+00:00,AMF,3.93,True
2026-10-07T18:07:32.943355+00:00,SMF,3.53,True
2026-10-07T18:07:32.944351+00:00,UPF,1.53,True
2026-10-07T18:07:32.947357+00:00,PCF,1.87,True
2026-10-07T18:07:32.948915+00:00,UDM,0.89,True
2026-10-07T18:07:41.610018+00:00,NRF,1.25,True
2026-10-07T18:07:41.612724+00:00,AMF,0.78,True
2026-10-07T18:07:41.614001+00:00,SMF,2.15,True
2026-10-07T18:07:41.616025+00:00,UPF,1.04,True
2026-10-07T18:07:41.618026+00:00,NRF,2.79,True
2026-10-07T18:07:41.620038+00:00,AMF,4.31,True
2026-10-07T18:07:41.627130+00:00,SMF,0.86,True
2026-10-07T18:07:41.628686+00:00,UPF,4.34,True
2026-10-07T18:07:41.630431+00:00,PCF,3.97,True
2026-10-07T18:07:41.637285+00:00,UDM,4.39,True
2026-10-07T18:07:49.830931+00:00,NRF,1.29,True
2026-10-07T18:07:49.832935+00:00,AMF,2.08,True
2026-10-07T18:07:49.834935+00:00,SMF,1.16,True
2026-10-07T18:07:49.837094+00:00,UPF,1.37,True
2026-10-07T18:07:49.839095+00:00,NRF,4.87,True
2026-10-07T18:07:49.841101+00:00,AMF,4.41,True
2026-10-07T18:07:49.843096+00:00,SMF,1.33,True
2026-10-07T18:07:49.845092+00:00,UPF,4.97,True
2026-10-07T18:07:49.846093+00:00,PCF,1.08,True
2026-10-07T18:07:49.848094+00:00,UDM,1.71,True
2026-10-07T18:07:59.606469+00:00,NRF,0.88,True
2026-10-07T18:07:59.608468+00:00,AMF,0.96,True
2026-10-07T18:07:59.610472+00:00,SMF,1.94,True
2026-10-07T18:07:59.613476+00:00,UPF,1.11,True
2026-10-07T18:07:59.616465+00:00,NRF,4.04,True
2026-10-07T18:07:59.618465+00:00,AMF,4.25,True
2026-10-07T18:07:59.621012+00:00,SMF,3.36,True
2026-10-07T18:07:59.622014+00:00,UPF,2.43,True
2026-10-07T18:07:59.624013+00:00,PCF,0.99,True
2026-10-07T18:07:59.625009+00:00,UDM,2.41,True
2026-10-07T18:08:05.878738+00:00,NRF,0.89,True
2026-10-07T18:08:05.881093+00:00,AMF,1.47,True
2026-10-07T18:08:05.885515+00:00,SMF,1.02,True
2026-10-07T18:08:05.888541+00:00,UPF,1.41,True
2026-10-07T18:08:05.891542+00:00,NRF,3.79,True
2026-10-07T18:08:05.892542+00:00,AMF,3.35,True
2026-10-07T18:08:05.911175+00:00,SMF,2.69,True
2026-10-07T18:08:05.913971+00:00,UPF,3.62,True
2026-10-07T18:08:05.915181+00:00,PCF,2.54,True
2026-10-07T18:08:05.918204+00:00,UDM,3.46,True
2026-10-07T18:08:12.856496+00:00,NRF,1.8,True
2026-10-07T18:08:12.865493+00:00,AMF,1.32,True
2026-10-07T18:08:12.872043+00:00,SMF,0.79,True
2026-10-07T18:08:12.874040+00:00,UPF,1.21,True
2026-10-07T18:08:12.876039+00:00,NRF,1.03,True
2026-10-07T18:08:12.878045+00:00,AMF,3.86,True
2026-10-07T18:08:12.880289+00:00,SMF,3.35,True
2026-10-07T18:08:12.881315+00:00,UPF,4.02,True
2026-10-07T18:08:12.885321+00:00,PCF,3.95,True
2026-10-07T18:08:12.887829+00:00,UDM,2.65,True
2026-10-07T18:08:19.979057+00:00,NRF,1.87,True
2026-10-07T18:08:19.982460+00:00,AMF,1.38,True
2026-10-07T18:08:19.986453+00:00,SMF,2.45,True
2026-10-07T18:08:19.990878+00:00,UPF,0.62,True
2026-10-07T18:08:19.992538+00:00,NRF,3.4,True
2026-10-07T18:08:19.994637+00:00,AMF,2.5,True
2026-10-07T18:08:19.999057+00:00,SMF,3.33,True
2026-10-07T18:08:20.002077+00:00,UPF,2.99,True
2026-10-07T18:08:20.005071+00:00,PCF,4.8,True
2026-10-07T18:08:20.010835+00:00,UDM,2.32,True
2026-10-07T18:08:27.396924+00:00,NRF,1.78,True
2026-10-07T18:08:27.407496+00:00,AMF,2.92,True
2026-10-07T18:08:27.410942+00:00,SMF,2.43,True
2026-10-07T18:08:27.414544+00:00,UPF,1.39,True
2026-10-07T18:08:27.430504+00:00,NRF,4.23,True
2026-10-07T18:08:27.440173+00:00,AMF,1.82,True
2026-10-07T18:08:27.510373+00:00,SMF,3.11,True
2026-10-07T18:08:27.513373+00:00,UPF,4.55,True
2026-10-07T18:08:27.522617+00:00,PCF,4.29,True
2026-10-07T18:08:27.525613+00:00,UDM,3.64,True
2026-10-07T18:08:37.817659+00:00,NRF,0.51,True
2026-10-07T18:08:37.820740+00:00,AMF,0.51,True
2026-10-07T18:08:37.824853+00:00,SMF,2.98,True
2026-10-07T18:08:37.827417+00:00,UPF,1.85,True
2026-10-07T18:08:37.829000+00:00,NRF,2.4,True
2026-10-07T18:08:37.837070+00:00,AMF,3.89,True
2026-10-07T18:08:37.841152+00:00,SMF,0.66,True
2026-10-07T18:08:37.844474+00:00,UPF,1.68,True
2026-10-07T18:08:37.845640+00:00,PCF,2.58,True
2026-10-07T18:08:37.850986+00:00,UDM,2.83,True
2026-10-07T18:08:47.732962+00:00,NRF,0.52,True
2026-10-07T18:08:47.735984+00:00,AMF,0.81,True
2026-10-07T18:08:47.738979+00:00,SMF,0.52,True
2026-10-07T18:08:47.741984+00:00,UPF,0.74,True
2026-10-07T18:08:47.744509+00:00,NRF,3.01,True
2026-10-07T18:08:47.746531+00:00,AMF,0.88,True
2026-10-07T18:08:47.748544+00:00,SMF,1.15,True
2026-10-07T18:08:47.750534+00:00,UPF,4.83,True
2026-10-07T18:08:47.751532+00:00,PCF,3.17,True
2026-10-07T18:08:47.752534+00:00,UDM,2.17,True
2026-10-07T18:08:54.654247+00:00,NRF,1.56,True
2026-10-07T18:08:54.657242+00:00,AMF,2.62,True
2026-10-07T18:08:54.658842+00:00,SMF,0.62,True
2026-10-07T18:08:54.659996+00:00,UPF,1.31,True
2026-10-07T18:08:54.663939+00:00,NRF,4.55,True
2026-10-07T18:08:54.664934+00:00,AMF,2.44,True
2026-10-07T18:08:54.665932+00:00,SMF,3.38,True
2026-10-07T18:08:54.666930+00:00,UPF,4.64,True
2026-10-07T18:08:54.667936+00:00,PCF,1.79,True
2026-10-07T18:08:54.668934+00:00,UDM,0.85,True
2026-10-07T18:09:05.930211+00:00,NRF,2051.048,False
2026-10-07T18:09:07.960307+00:00,AMF,2028.626,False
2026-10-07T18:09:10.010407+00:00,SMF,2048.02,False
2026-10-07T18:09:12.084193+00:00,UPF,2069.91,False
2026-10-07T18:09:14.120512+00:00,NRF,2035.057,False
2026-10-07T18:09:16.151972+00:00,AMF,2029.811,False
2026-10-07T18:09:18.175543+00:00,SMF,2020.989,False
2026-10-07T18:09:20.223853+00:00,UPF,2045.524,False
2026-10-07T18:09:22.257485+00:00,PCF,2030.72,False
2026-10-07T18:09:24.289138+00:00,UDM,2030.046,False
2026-10-07T18:09:31.060689+00:00,NRF,1.79,True
2026-10-07T18:09:31.061213+00:00,AMF,2.32,True
2026-10-07T18:09:31.062302+00:00,SMF,2.95,True
2026-10-07T18:09:31.062858+00:00,UPF,1.18,True
2026-10-07T18:09:31.063866+00:00,NRF,2.23,True
2026-10-07T18:09:31.064866+00:00,AMF,3.18,True
2026-10-07T18:09:31.064866+00:00,SMF,1.91,True
2026-10-07T18:09:31.064866+00:00,UPF,2.56,True
2026-10-07T18:09:31.065866+00:00,PCF,4.99,True
2026-10-07T18:09:31.066279+00:00,UDM,3.3,True
2026-10-07T18:09:32.050359+00:00,NRF,2030.768,False
2026-10-07T18:09:32.051362+00:00,AMF,2.56,True
2026-10-07T18:09:32.052729+00:00,SMF,0.71,True
2026-10-07T18:09:32.053889+00:00,UPF,1.78,True
2026-10-07T18:09:32.054438+00:00,NRF,1.94,True
2026-10-07T18:09:32.054994+00:00,AMF,2.6,True
2026-10-07T18:09:32.056091+00:00,SMF,1.5,True
2026-10-07T18:09:32.056677+00:00,UPF,4.06,True
2026-10-07T18:09:32.058095+00:00,PCF,3.45,True
2026-10-07T18:09:32.059559+00:00,UDM,1.6,True
2026-10-07T18:09:36.848793+00:00,NRF,0.64,True
2026-10-07T18:09:36.849795+00:00,AMF,0.77,True
2026-10-07T18:09:36.851795+00:00,SMF,0.94,True
2026-10-07T18:09:36.852797+00:00,UPF,1.71,True
2026-10-07T18:09:36.853795+00:00,NRF,4.54,True
2026-10-07T18:09:36.854834+00:00,AMF,2.24,True
2026-10-07T18:09:36.854834+00:00,SMF,1.93,True
2026-10-07T18:09:36.856202+00:00,UPF,1.22,True
2026-10-07T18:09:36.857302+00:00,PCF,2.3,True
2026-10-07T18:09:36.857302+00:00,UDM,3.9,True
2026-10-07T18:09:42.500834+00:00,NRF,1.56,True
2026-10-07T18:09:42.502039+00:00,AMF,0.51,True
2026-10-07T18:09:42.503601+00:00,SMF,2.85,True
2026-10-07T18:09:42.504602+00:00,UPF,1.04,True
2026-10-07T18:09:42.505423+00:00,NRF,2.69,True
2026-10-07T18:09:42.506544+00:00,AMF,3.58,True
2026-10-07T18:09:42.506544+00:00,SMF,4.06,True
2026-10-07T18:09:42.507500+00:00,UPF,3.2,True
2026-10-07T18:09:42.507500+00:00,PCF,0.7,True
2026-10-07T18:09:42.508504+00:00,UDM,3.21,True
2026-10-07T18:09:48.212812+00:00,NRF,1.31,True
2026-10-07T18:09:48.213812+00:00,AMF,2.26,True
2026-10-07T18:09:48.215817+00:00,SMF,0.8,True
2026-10-07T18:09:48.216836+00:00,UPF,1.77,True
2026-10-07T18:09:48.217839+00:00,NRF,0.85,True
2026-10-07T18:09:48.218833+00:00,AMF,4.91,True
2026-10-07T18:09:48.219839+00:00,SMF,1.51,True
2026-10-07T18:09:48.220833+00:00,UPF,3.94,True
2026-10-07T18:09:48.221389+00:00,PCF,1.87,True
2026-10-07T18:09:48.222464+00:00,UDM,2.12,True
2026-10-07T18:09:54.077435+00:00,NRF,1.2,True
2026-10-07T18:09:54.078521+00:00,AMF,0.71,True
2026-10-07T18:09:54.079603+00:00,SMF,2.09,True
2026-10-07T18:09:54.080147+00:00,UPF,1.39,True
2026-10-07T18:09:54.081238+00:00,NRF,4.8,True
2026-10-07T18:09:54.081238+00:00,AMF,4.33,True
2026-10-07T18:09:54.081238+00:00,SMF,4.91,True
2026-10-07T18:09:54.082248+00:00,UPF,2.43,True
2026-10-07T18:09:54.082248+00:00,PCF,3.25,True
2026-10-07T18:09:54.083250+00:00,UDM,2.13,True
2026-10-07T18:09:59.741589+00:00,NRF,1.13,True
2026-10-07T18:09:59.743582+00:00,AMF,2.39,True
2026-10-07T18:09:59.745589+00:00,SMF,1.07,True
2026-10-07T18:09:59.746584+00:00,UPF,1.91,True
2026-10-07T18:09:59.747585+00:00,NRF,4.31,True
2026-10-07T18:09:59.748588+00:00,AMF,4.22,True
2026-10-07T18:09:59.748588+00:00,SMF,3.6,True
2026-10-07T18:09:59.749583+00:00,UPF,2.22,True
2026-10-07T18:09:59.750588+00:00,PCF,4.77,True
2026-10-07T18:09:59.750588+00:00,UDM,4.85,True
2026-10-07T18:10:05.777700+00:00,NRF,1.16,True
2026-10-07T18:10:05.780833+00:00,AMF,1.81,True
2026-10-07T18:10:05.783147+00:00,SMF,2.16,True
2026-10-07T18:10:05.785363+00:00,UPF,1.7,True
2026-10-07T18:10:05.786921+00:00,NRF,1.17,True
2026-10-07T18:10:05.787941+00:00,AMF,4.74,True
2026-10-07T18:10:05.789456+00:00,SMF,2.77,True
2026-10-07T18:10:05.790484+00:00,UPF,1.59,True
2026-10-07T18:10:05.792003+00:00,PCF,0.81,True
2026-10-07T18:10:05.792547+00:00,UDM,4.33,True
2026-10-07T18:10:11.988615+00:00,NRF,1.21,True
2026-10-07T18:10:11.990641+00:00,AMF,1.61,True
2026-10-07T18:10:11.993497+00:00,SMF,1.86,True
2026-10-07T18:10:11.995037+00:00,UPF,1.47,True
2026-10-07T18:10:11.996585+00:00,NRF,2.94,True
2026-10-07T18:10:11.997674+00:00,AMF,4.37,True
2026-10-07T18:10:12.000605+00:00,SMF,4.72,True
2026-10-07T18:10:12.001951+00:00,UPF,2.13,True
2026-10-07T18:10:12.004493+00:00,PCF,2.81,True
2026-10-07T18:10:12.005760+00:00,UDM,4.69,True
2026-10-07T18:10:18.383545+00:00,NRF,1.42,True
2026-10-07T18:10:18.386106+00:00,AMF,2.45,True
2026-10-07T18:10:18.389569+00:00,SMF,1.95,True
2026-10-07T18:10:18.391324+00:00,UPF,1.59,True
2026-10-07T18:10:18.393136+00:00,NRF,1.48,True
2026-10-07T18:10:18.394438+00:00,AMF,4.21,True
2026-10-07T18:10:18.395638+00:00,SMF,1.96,True
2026-10-07T18:10:18.396856+00:00,UPF,1.5,True
2026-10-07T18:10:18.398096+00:00,PCF,2.71,True
2026-10-07T18:10:18.399133+00:00,UDM,4.39,True
2026-10-07T18:10:25.029964+00:00,NRF,1.73,True
2026-10-07T18:10:25.032934+00:00,AMF,2.2,True
2026-10-07T18:10:25.037921+00:00,SMF,1.47,True
2026-10-07T18:10:25.041044+00:00,UPF,1.97,True
2026-10-07T18:10:25.043055+00:00,NRF,1.32,True
2026-10-07T18:10:25.044337+00:00,AMF,4.45,True
2026-10-07T18:10:25.046103+00:00,SMF,3.6,True
2026-10-07T18:10:25.047264+00:00,UPF,3.13,True
2026-10-07T18:10:25.052509+00:00,PCF,1.08,True
2026-10-07T18:10:25.055538+00:00,UDM,4.1,True
2026-10-07T18:10:31.686196+00:00,NRF,1.53,True
2026-10-07T18:10:31.688220+00:00,AMF,0.52,True
2026-10-07T18:10:31.691343+00:00,SMF,0.51,True
2026-10-07T18:10:31.693348+00:00,UPF,0.62,True
2026-10-07T18:10:31.694342+00:00,NRF,2.69,True
2026-10-07T18:10:31.697408+00:00,AMF,1.5,True
2026-10-07T18:10:31.699438+00:00,SMF,2.2,True
2026-10-07T18:10:31.701010+00:00,UPF,3.49,True
2026-10-07T18:10:31.702597+00:00,PCF,2.56,True
2026-10-07T18:10:31.704421+00:00,UDM,1.72,True
2026-10-07T18:10:38.067058+00:00,NRF,0.66,True
2026-10-07T18:10:38.069086+00:00,AMF,1.4,True
2026-10-07T18:10:38.075142+00:00,SMF,1.25,True
2026-10-07T18:10:38.081048+00:00,UPF,0.58,True
2026-10-07T18:10:38.082655+00:00,NRF,1.89,True
2026-10-07T18:10:38.084014+00:00,AMF,2.9,True
2026-10-07T18:10:38.085561+00:00,SMF,2.03,True
2026-10-07T18:10:38.086775+00:00,UPF,3.05,True
2026-10-07T18:10:38.088042+00:00,PCF,3.92,True
2026-10-07T18:10:38.089232+00:00,UDM,1.97,True
2026-10-07T18:10:44.657280+00:00,NRF,1.99,True
2026-10-07T18:10:44.662012+00:00,AMF,1.14,True
2026-10-07T18:10:44.665133+00:00,SMF,2.38,True
2026-10-07T18:10:44.668155+00:00,UPF,1.5,True
2026-10-07T18:10:44.670748+00:00,NRF,4.35,True
2026-10-07T18:10:44.672897+00:00,AMF,1.77,True
2026-10-07T18:10:44.674461+00:00,SMF,2.22,True
2026-10-07T18:10:44.676261+00:00,UPF,2.9,True
2026-10-07T18:10:44.678060+00:00,PCF,2.33,True
2026-10-07T18:10:44.679336+00:00,UDM,3.74,True
2026-10-07T18:10:51.779800+00:00,NRF,1.93,True
2026-10-07T18:10:51.782439+00:00,AMF,2.75,True
2026-10-07T18:10:51.784532+00:00,SMF,2.58,True
2026-10-07T18:10:51.786871+00:00,UPF,0.86,True
2026-10-07T18:10:51.794384+00:00,NRF,1.94,True
2026-10-07T18:10:51.796509+00:00,AMF,2.67,True
2026-10-07T18:10:51.798035+00:00,SMF,2.63,True
2026-10-07T18:10:51.799573+00:00,UPF,1.0,True
2026-10-07T18:10:51.801266+00:00,PCF,1.02,True
2026-10-07T18:10:51.802438+00:00,UDM,1.74,True
2026-10-07T18:10:58.230295+00:00,NRF,1.65,True
2026-10-07T18:10:58.233382+00:00,AMF,1.62,True
2026-10-07T18:10:58.238033+00:00,SMF,1.3,True
2026-10-07T18:10:58.240546+00:00,UPF,0.65,True
2026-10-07T18:10:58.242768+00:00,NRF,3.82,True
2026-10-07T18:10:58.244872+00:00,AMF,1.86,True
2026-10-07T18:10:58.258312+00:00,SMF,0.84,True
2026-10-07T18:10:58.260782+00:00,UPF,0.64,True
2026-10-07T18:10:58.266668+00:00,PCF,3.72,True
2026-10-07T18:10:58.268839+00:00,UDM,4.51,True
2026-10-07T18:11:04.958789+00:00,NRF,1.66,True
2026-10-07T18:11:04.961310+00:00,AMF,2.85,True
2026-10-07T18:11:04.963410+00:00,SMF,1.63,True
2026-10-07T18:11:04.964966+00:00,UPF,1.76,True
2026-10-07T18:11:04.971801+00:00,NRF,0.55,True
2026-10-07T18:11:04.972822+00:00,AMF,0.63,True
2026-10-07T18:11:04.974862+00:00,SMF,3.49,True
2026-10-07T18:11:04.975957+00:00,UPF,4.73,True
2026-10-07T18:11:04.977990+00:00,PCF,0.88,True
2026-10-07T18:11:04.979720+00:00,UDM,1.87,True
2026-10-07T18:11:11.685916+00:00,NRF,1.77,True
2026-10-07T18:11:11.688299+00:00,AMF,1.59,True
2026-10-07T18:11:11.689968+00:00,SMF,0.97,True
2026-10-07T18:11:11.692168+00:00,UPF,1.96,True
2026-10-07T18:11:11.694028+00:00,NRF,4.01,True
2026-10-07T18:11:11.695702+00:00,AMF,2.72,True
2026-10-07T18:11:11.702368+00:00,SMF,3.78,True
2026-10-07T18:11:11.704510+00:00,UPF,3.36,True
2026-10-07T18:11:11.707187+00:00,PCF,1.07,True
2026-10-07T18:11:11.708969+00:00,UDM,3.42,True
2026-10-07T18:11:18.767307+00:00,NRF,1.76,True
2026-10-07T18:11:18.776757+00:00,AMF,1.54,True
2026-10-07T18:11:18.779118+00:00,SMF,1.03,True
2026-10-07T18:11:18.780222+00:00,UPF,1.53,True
2026-10-07T18:11:18.784567+00:00,NRF,4.97,True
2026-10-07T18:11:18.786520+00:00,AMF,4.0,True
2026-10-07T18:11:18.788780+00:00,SMF,2.57,True
2026-10-07T18:11:18.790436+00:00,UPF,4.52,True
2026-10-07T18:11:18.792561+00:00,PCF,0.85,True
2026-10-07T18:11:18.795933+00:00,UDM,2.33,True
2026-10-07T18:11:25.660870+00:00,NRF,0.88,True
2026-10-07T18:11:25.663426+00:00,AMF,0.66,True
2026-10-07T18:11:25.673371+00:00,SMF,1.27,True
2026-10-07T18:11:25.677700+00:00,UPF,0.8,True
2026-10-07T18:11:25.681111+00:00,NRF,2.76,True
2026-10-07T18:11:25.682885+00:00,AMF,1.92,True
2026-10-07T18:11:25.684430+00:00,SMF,2.14,True
2026-10-07T18:11:25.699706+00:00,UPF,2.84,True
2026-10-07T18:11:25.701999+00:00,PCF,4.0,True
2026-10-07T18:11:25.703751+00:00,UDM,2.88,True
2026-10-07T18:11:32.449204+00:00,NRF,1.02,True
2026-10-07T18:11:32.450733+00:00,AMF,2.68,True
2026-10-07T18:11:32.452014+00:00,SMF,1.7,True
2026-10-07T18:11:32.452948+00:00,UPF,1.81,True
2026-10-07T18:11:32.455348+00:00,NRF,0.89,True
2026-10-07T18:11:32.456365+00:00,AMF,2.51,True
2026-10-07T18:11:32.457362+00:00,SMF,1.12,True
2026-10-07T18:11:32.458751+00:00,UPF,4.81,True
2026-10-07T18:11:32.459918+00:00,PCF,1.43,True
2026-10-07T18:11:32.460888+00:00,UDM,4.06,True
2026-10-07T18:11:39.561739+00:00,NRF,0.55,True
2026-10-07T18:11:39.564591+00:00,AMF,1.45,True
2026-10-07T18:11:39.567027+00:00,SMF,0.7,True
2026-10-07T18:11:39.569094+00:00,UPF,1.7,True
2026-10-07T18:11:39.572285+00:00,NRF,2.55,True
2026-10-07T18:11:39.573871+00:00,AMF,1.53,True
2026-10-07T18:11:39.576105+00:00,SMF,3.11,True
2026-10-07T18:11:39.577644+00:00,UPF,4.02,True
2026-10-07T18:11:39.579944+00:00,PCF,1.6,True
2026-10-07T18:11:39.582051+00:00,UDM,1.68,True
2026-10-07T18:11:46.844554+00:00,NRF,1.01,True
2026-10-07T18:11:46.845791+00:00,AMF,1.74,True
2026-10-07T18:11:46.846920+00:00,SMF,1.67,True
2026-10-07T18:11:46.849490+00:00,UPF,1.06,True
2026-10-07T18:11:46.851081+00:00,NRF,2.33,True
2026-10-07T18:11:46.851608+00:00,AMF,1.64,True
2026-10-07T18:11:46.853141+00:00,SMF,1.91,True
2026-10-07T18:11:46.855235+00:00,UPF,2.94,True
2026-10-07T18:11:46.857512+00:00,PCF,1.72,True
2026-10-07T18:11:46.859046+00:00,UDM,1.16,True
2026-10-07T18:11:53.502246+00:00,NRF,1.63,True
2026-10-07T18:11:53.506399+00:00,AMF,1.53,True
2026-10-07T18:11:53.509377+00:00,SMF,0.88,True
2026-10-07T18:11:53.511937+00:00,UPF,0.68,True
2026-10-07T18:11:53.513990+00:00,NRF,4.97,True
2026-10-07T18:11:53.520356+00:00,AMF,3.57,True
2026-10-07T18:11:53.521475+00:00,SMF,2.31,True
2026-10-07T18:11:53.523016+00:00,UPF,3.5,True
2026-10-07T18:11:53.524573+00:00,PCF,4.47,True
2026-10-07T18:11:53.527139+00:00,UDM,1.07,True
2026-10-07T18:12:00.298301+00:00,NRF,1.97,True
2026-10-07T18:12:00.302790+00:00,AMF,2.06,True
2026-10-07T18:12:00.305904+00:00,SMF,2.4,True
2026-10-07T18:12:00.307070+00:00,UPF,1.07,True
2026-10-07T18:12:00.309045+00:00,NRF,1.48,True
2026-10-07T18:12:00.310119+00:00,AMF,2.82,True
2026-10-07T18:12:00.311765+00:00,SMF,0.57,True
2026-10-07T18:12:00.314721+00:00,UPF,4.63,True
2026-10-07T18:12:00.316916+00:00,PCF,0.64,True
2026-10-07T18:12:00.323424+00:00,UDM,1.3,True
2026-10-07T18:12:07.128280+00:00,NRF,1.35,True
2026-10-07T18:12:07.131076+00:00,AMF,1.52,True
2026-10-07T18:12:07.133650+00:00,SMF,1.08,True
2026-10-07T18:12:07.137582+00:00,UPF,1.44,True
2026-10-07T18:12:07.142197+00:00,NRF,1.34,True
2026-10-07T18:12:07.145438+00:00,AMF,2.98,True
2026-10-07T18:12:07.146890+00:00,SMF,3.27,True
2026-10-07T18:12:07.149056+00:00,UPF,0.73,True
2026-10-07T18:12:07.152016+00:00,PCF,3.65,True
2026-10-07T18:12:07.153504+00:00,UDM,4.51,True
2026-10-07T18:12:13.758908+00:00,NRF,1.53,True
2026-10-07T18:12:13.761374+00:00,AMF,0.85,True
2026-10-07T18:12:13.763787+00:00,SMF,2.35,True
2026-10-07T18:12:13.766992+00:00,UPF,1.8,True
2026-10-07T18:12:13.768970+00:00,NRF,2.96,True
2026-10-07T18:12:13.768970+00:00,AMF,1.96,True
2026-10-07T18:12:13.770743+00:00,SMF,5.0,True
2026-10-07T18:12:13.773864+00:00,UPF,2.88,True
2026-10-07T18:12:13.777394+00:00,PCF,4.48,True
2026-10-07T18:12:13.779030+00:00,UDM,0.95,True
2026-10-07T18:12:20.204203+00:00,NRF,1.86,True
2026-10-07T18:12:20.205871+00:00,AMF,0.76,True
2026-10-07T18:12:20.208914+00:00,SMF,1.89,True
2026-10-07T18:12:20.211907+00:00,UPF,0.84,True
2026-10-07T18:12:20.217431+00:00,NRF,3.07,True
2026-10-07T18:12:20.219561+00:00,AMF,3.03,True
2026-10-07T18:12:20.219561+00:00,SMF,3.31,True
2026-10-07T18:12:20.221776+00:00,UPF,1.0,True
2026-10-07T18:12:20.223553+00:00,PCF,4.05,True
2026-10-07T18:12:20.224756+00:00,UDM,3.85,True
2026-10-07T18:12:26.829871+00:00,NRF,1.31,True
2026-10-07T18:12:26.832439+00:00,AMF,0.62,True
2026-10-07T18:12:26.836847+00:00,SMF,0.9,True
2026-10-07T18:12:26.839072+00:00,UPF,0.89,True
2026-10-07T18:12:26.840898+00:00,NRF,2.96,True
2026-10-07T18:12:26.843114+00:00,AMF,4.07,True
2026-10-07T18:12:26.844853+00:00,SMF,2.03,True
2026-10-07T18:12:26.846438+00:00,UPF,4.46,True
2026-10-07T18:12:26.847560+00:00,PCF,3.54,True
2026-10-07T18:12:26.852147+00:00,UDM,4.05,True
2026-10-07T18:12:33.373963+00:00,NRF,0.99,True
2026-10-07T18:12:33.375785+00:00,AMF,2.37,True
2026-10-07T18:12:33.378436+00:00,SMF,2.82,True
2026-10-07T18:12:33.380673+00:00,UPF,0.81,True
2026-10-07T18:12:33.381800+00:00,NRF,1.28,True
2026-10-07T18:12:33.383261+00:00,AMF,2.25,True
2026-10-07T18:12:33.389967+00:00,SMF,4.6,True
2026-10-07T18:12:33.392528+00:00,UPF,1.14,True
2026-10-07T18:12:33.393517+00:00,PCF,2.28,True
2026-10-07T18:12:33.395421+00:00,UDM,1.84,True
2026-10-07T18:12:39.900713+00:00,NRF,1.9,True
2026-10-07T18:12:39.903071+00:00,AMF,0.92,True
2026-10-07T18:12:39.905783+00:00,SMF,2.84,True
2026-10-07T18:12:39.909151+00:00,UPF,1.12,True
2026-10-07T18:12:39.911176+00:00,NRF,3.47,True
2026-10-07T18:12:39.912765+00:00,AMF,1.08,True
2026-10-07T18:12:39.914514+00:00,SMF,1.3,True
2026-10-07T18:12:39.917510+00:00,UPF,3.89,True
2026-10-07T18:12:39.919110+00:00,PCF,3.1,True
2026-10-07T18:12:39.920747+00:00,UDM,2.55,True
2026-10-07T18:12:46.491745+00:00,NRF,1.63,True
2026-10-07T18:12:46.494444+00:00,AMF,1.56,True
2026-10-07T18:12:46.496638+00:00,SMF,1.38,True
2026-10-07T18:12:46.497938+00:00,UPF,1.76,True
2026-10-07T18:12:46.499902+00:00,NRF,1.53,True
2026-10-07T18:12:46.501649+00:00,AMF,4.52,True
2026-10-07T18:12:46.502534+00:00,SMF,1.89,True
2026-10-07T18:12:46.504165+00:00,UPF,0.57,True
2026-10-07T18:12:46.504690+00:00,PCF,2.09,True
2026-10-07T18:12:46.506799+00:00,UDM,0.58,True
2026-10-07T18:12:53.078569+00:00,NRF,1.45,True
2026-10-07T18:12:53.080574+00:00,AMF,1.14,True
2026-10-07T18:12:53.083108+00:00,SMF,1.47,True
2026-10-07T18:12:53.084249+00:00,UPF,1.92,True
2026-10-07T18:12:53.086211+00:00,NRF,3.28,True
2026-10-07T18:12:53.091061+00:00,AMF,2.76,True
2026-10-07T18:12:53.092805+00:00,SMF,0.78,True
2026-10-07T18:12:53.094614+00:00,UPF,2.03,True
2026-10-07T18:12:53.096158+00:00,PCF,3.28,True
2026-10-07T18:12:53.098106+00:00,UDM,2.37,True
2026-10-07T18:12:59.802037+00:00,NRF,0.99,True
2026-10-07T18:12:59.806798+00:00,AMF,1.39,True
2026-10-07T18:12:59.810086+00:00,SMF,1.22,True
2026-10-07T18:12:59.812559+00:00,UPF,0.57,True
2026-10-07T18:12:59.815768+00:00,NRF,2.74,True
2026-10-07T18:12:59.818079+00:00,AMF,4.95,True
2026-10-07T18:12:59.820103+00:00,SMF,3.52,True
2026-10-07T18:12:59.821455+00:00,UPF,0.64,True
2026-10-07T18:12:59.822644+00:00,PCF,2.23,True
2026-10-07T18:12:59.824320+00:00,UDM,4.85,True
2026-10-07T18:13:06.302343+00:00,NRF,1.89,True
2026-10-07T18:13:06.305059+00:00,AMF,2.07,True
2026-10-07T18:13:06.307276+00:00,SMF,2.03,True
2026-10-07T18:13:06.308365+00:00,UPF,0.91,True
2026-10-07T18:13:06.310921+00:00,NRF,4.11,True
2026-10-07T18:13:06.313608+00:00,AMF,1.07,True
2026-10-07T18:13:06.315999+00:00,SMF,2.58,True
2026-10-07T18:13:06.317621+00:00,UPF,1.1,True
2026-10-07T18:13:06.320622+00:00,PCF,3.08,True
2026-10-07T18:13:06.323154+00:00,UDM,0.73,True
2026-10-07T18:13:12.920241+00:00,NRF,1.21,True
2026-10-07T18:13:12.922261+00:00,AMF,0.81,True
2026-10-07T18:13:12.924155+00:00,SMF,1.48,True
2026-10-07T18:13:12.928378+00:00,UPF,1.43,True
2026-10-07T18:13:12.932424+00:00,NRF,1.78,True
2026-10-07T18:13:12.934241+00:00,AMF,3.86,True
2026-10-07T18:13:12.935840+00:00,SMF,3.7,True
2026-10-07T18:13:12.936972+00:00,UPF,1.06,True
2026-10-07T18:13:12.939339+00:00,PCF,1.64,True
2026-10-07T18:13:12.947857+00:00,UDM,0.52,True
2026-10-07T18:13:19.632244+00:00,NRF,1.71,True
2026-10-07T18:13:19.634470+00:00,AMF,2.25,True
2026-10-07T18:13:19.636372+00:00,SMF,0.82,True
2026-10-07T18:13:19.637534+00:00,UPF,0.52,True
2026-10-07T18:13:19.639250+00:00,NRF,1.73,True
2026-10-07T18:13:19.640513+00:00,AMF,3.71,True
2026-10-07T18:13:19.642225+00:00,SMF,3.32,True
2026-10-07T18:13:19.643679+00:00,UPF,4.05,True
2026-10-07T18:13:19.645394+00:00,PCF,1.63,True
2026-10-07T18:13:19.648549+00:00,UDM,4.79,True
2026-10-07T18:13:26.335945+00:00,NRF,1.05,True
2026-10-07T18:13:26.338759+00:00,AMF,2.88,True
2026-10-07T18:13:26.340784+00:00,SMF,2.26,True
2026-10-07T18:13:26.347118+00:00,UPF,0.94,True
2026-10-07T18:13:26.349719+00:00,NRF,1.93,True
2026-10-07T18:13:26.352905+00:00,AMF,1.74,True
2026-10-07T18:13:26.354479+00:00,SMF,1.36,True
2026-10-07T18:13:26.356172+00:00,UPF,2.88,True
2026-10-07T18:13:26.358235+00:00,PCF,0.57,True
2026-10-07T18:13:26.360353+00:00,UDM,1.02,True
2026-10-07T18:13:33.132048+00:00,NRF,0.53,True
2026-10-07T18:13:33.133931+00:00,AMF,2.48,True
2026-10-07T18:13:33.135269+00:00,SMF,2.06,True
2026-10-07T18:13:33.136910+00:00,UPF,1.86,True
2026-10-07T18:13:33.138216+00:00,NRF,4.29,True
2026-10-07T18:13:33.139950+00:00,AMF,3.57,True
2026-10-07T18:13:33.141502+00:00,SMF,1.99,True
2026-10-07T18:13:33.144645+00:00,UPF,1.44,True
2026-10-07T18:13:33.145546+00:00,PCF,1.67,True
2026-10-07T18:13:33.149037+00:00,UDM,0.9,True
2026-10-07T18:13:40.542489+00:00,NRF,1.86,True
2026-10-07T18:13:40.545014+00:00,AMF,2.61,True
2026-10-07T18:13:40.548188+00:00,SMF,2.8,True
2026-10-07T18:13:40.550330+00:00,UPF,0.68,True
2026-10-07T18:13:40.552971+00:00,NRF,2.81,True
2026-10-07T18:13:40.554266+00:00,AMF,4.09,True
2026-10-07T18:13:40.555395+00:00,SMF,4.12,True
2026-10-07T18:13:40.557205+00:00,UPF,2.27,True
2026-10-07T18:13:40.558232+00:00,PCF,4.32,True
2026-10-07T18:13:40.559639+00:00,UDM,3.97,True
2026-10-07T18:13:47.267202+00:00,NRF,1.78,True
2026-10-07T18:13:47.275147+00:00,AMF,1.32,True
2026-10-07T18:13:47.279021+00:00,SMF,1.22,True
2026-10-07T18:13:47.282670+00:00,UPF,1.22,True
2026-10-07T18:13:47.284500+00:00,NRF,0.67,True
2026-10-07T18:13:47.299565+00:00,AMF,1.87,True
2026-10-07T18:13:47.304250+00:00,SMF,1.73,True
2026-10-07T18:13:47.307109+00:00,UPF,3.06,True
2026-10-07T18:13:47.309185+00:00,PCF,1.98,True
2026-10-07T18:13:47.310817+00:00,UDM,2.34,True
2026-10-07T18:13:54.181117+00:00,NRF,1.94,True
2026-10-07T18:13:54.190846+00:00,AMF,2.31,True
2026-10-07T18:13:54.192822+00:00,SMF,2.95,True
2026-10-07T18:13:54.194181+00:00,UPF,1.37,True
2026-10-07T18:13:54.196754+00:00,NRF,2.49,True
2026-10-07T18:13:54.198562+00:00,AMF,4.43,True
2026-10-07T18:13:54.200459+00:00,SMF,1.34,True
2026-10-07T18:13:54.207880+00:00,UPF,3.25,True
2026-10-07T18:13:54.209989+00:00,PCF,4.82,True
2026-10-07T18:13:54.211216+00:00,UDM,1.04,True
2026-10-07T18:14:01.021590+00:00,NRF,0.91,True
2026-10-07T18:14:01.025408+00:00,AMF,2.36,True
2026-10-07T18:14:01.027565+00:00,SMF,2.95,True
2026-10-07T18:14:01.029271+00:00,UPF,0.63,True
2026-10-07T18:14:01.031119+00:00,NRF,2.21,True
2026-10-07T18:14:01.033311+00:00,AMF,2.06,True
2026-10-07T18:14:01.035049+00:00,SMF,0.9,True
2026-10-07T18:14:01.036884+00:00,UPF,1.6,True
2026-10-07T18:14:01.039193+00:00,PCF,2.02,True
2026-10-07T18:14:01.041069+00:00,UDM,3.9,True
2026-10-07T18:14:07.641426+00:00,NRF,1.03,True
2026-10-07T18:14:07.643809+00:00,AMF,1.14,True
2026-10-07T18:14:07.649594+00:00,SMF,2.48,True
2026-10-07T18:14:07.655561+00:00,UPF,1.54,True
2026-10-07T18:14:07.657676+00:00,NRF,2.24,True
2026-10-07T18:14:07.658992+00:00,AMF,1.65,True
2026-10-07T18:14:07.660309+00:00,SMF,0.52,True
2026-10-07T18:14:07.661552+00:00,UPF,1.2,True
2026-10-07T18:14:07.662963+00:00,PCF,2.28,True
2026-10-07T18:14:07.664358+00:00,UDM,4.7,True
2026-10-07T18:14:14.347541+00:00,NRF,0.59,True
2026-10-07T18:14:14.354518+00:00,AMF,2.1,True
2026-10-07T18:14:14.358122+00:00,SMF,2.62,True
2026-10-07T18:14:14.361167+00:00,UPF,0.64,True
2026-10-07T18:14:14.362632+00:00,NRF,1.26,True
2026-10-07T18:14:14.364631+00:00,AMF,2.19,True
2026-10-07T18:14:14.366552+00:00,SMF,2.8,True
2026-10-07T18:14:14.371010+00:00,UPF,4.72,True
2026-10-07T18:14:14.376307+00:00,PCF,4.49,True
2026-10-07T18:14:14.378985+00:00,UDM,3.57,True
2026-10-07T18:14:21.107380+00:00,NRF,1.7,True
2026-10-07T18:14:21.110805+00:00,AMF,0.93,True
2026-10-07T18:14:21.114289+00:00,SMF,2.53,True
2026-10-07T18:14:21.118323+00:00,UPF,1.13,True
2026-10-07T18:14:21.122124+00:00,NRF,2.52,True
2026-10-07T18:14:21.123898+00:00,AMF,1.08,True
2026-10-07T18:14:21.127221+00:00,SMF,0.58,True
2026-10-07T18:14:21.131263+00:00,UPF,1.89,True
2026-10-07T18:14:21.133848+00:00,PCF,3.77,True
2026-10-07T18:14:21.135843+00:00,UDM,4.47,True
2026-10-07T18:14:27.976012+00:00,NRF,1.41,True
2026-10-07T18:14:27.980712+00:00,AMF,2.24,True
2026-10-07T18:14:27.983746+00:00,SMF,2.62,True
2026-10-07T18:14:27.987777+00:00,UPF,0.9,True
2026-10-07T18:14:27.989296+00:00,NRF,0.75,True
2026-10-07T18:14:27.991999+00:00,AMF,2.69,True
2026-10-07T18:14:27.993378+00:00,SMF,1.0,True
2026-10-07T18:14:27.995151+00:00,UPF,0.65,True
2026-10-07T18:14:27.997557+00:00,PCF,3.77,True
2026-10-07T18:14:27.998788+00:00,UDM,1.84,True
2026-10-07T18:14:34.694766+00:00,NRF,1.32,True
2026-10-07T18:14:34.699477+00:00,AMF,2.73,True
2026-10-07T18:14:34.707587+00:00,SMF,2.65,True
2026-10-07T18:14:34.711125+00:00,UPF,1.88,True
2026-10-07T18:14:34.712150+00:00,NRF,1.24,True
2026-10-07T18:14:34.714818+00:00,AMF,4.79,True
2026-10-07T18:14:34.716008+00:00,SMF,2.75,True
2026-10-07T18:14:34.719579+00:00,UPF,2.38,True
2026-10-07T18:14:34.723727+00:00,PCF,1.84,True
2026-10-07T18:14:34.725648+00:00,UDM,0.73,True
2026-10-07T18:14:41.302430+00:00,NRF,1.74,True
2026-10-07T18:14:41.304847+00:00,AMF,2.0,True
2026-10-07T18:14:41.308772+00:00,SMF,2.52,True
2026-10-07T18:14:41.312837+00:00,UPF,0.94,True
2026-10-07T18:14:41.315423+00:00,NRF,4.87,True
2026-10-07T18:14:41.316972+00:00,AMF,4.68,True
2026-10-07T18:14:41.319230+00:00,SMF,1.74,True
2026-10-07T18:14:41.320415+00:00,UPF,3.39,True
2026-10-07T18:14:41.323632+00:00,PCF,1.83,True
2026-10-07T18:14:41.329509+00:00,UDM,4.18,True
2026-10-07T18:14:47.899764+00:00,NRF,1.66,True
2026-10-07T18:14:47.901604+00:00,AMF,1.19,True
2026-10-07T18:14:47.903548+00:00,SMF,2.72,True
2026-10-07T18:14:47.904853+00:00,UPF,0.66,True
2026-10-07T18:14:47.906633+00:00,NRF,1.65,True
2026-10-07T18:14:47.907822+00:00,AMF,3.78,True
2026-10-07T18:14:47.910743+00:00,SMF,4.96,True
2026-10-07T18:14:47.911783+00:00,UPF,4.13,True
2026-10-07T18:14:47.914347+00:00,PCF,3.09,True
2026-10-07T18:14:47.915869+00:00,UDM,1.36,True
2026-10-07T18:14:54.616905+00:00,NRF,1.36,True
2026-10-07T18:14:54.618946+00:00,AMF,0.76,True
2026-10-07T18:14:54.628709+00:00,SMF,2.25,True
2026-10-07T18:14:54.631454+00:00,UPF,1.85,True
2026-10-07T18:14:54.633499+00:00,NRF,2.15,True
2026-10-07T18:14:54.634532+00:00,AMF,1.09,True
2026-10-07T18:14:54.636532+00:00,SMF,4.31,True
2026-10-07T18:14:54.639098+00:00,UPF,4.87,True
2026-10-07T18:14:54.650219+00:00,PCF,2.06,True
2026-10-07T18:14:54.652242+00:00,UDM,3.15,True
2026-10-07T18:15:01.347593+00:00,NRF,1.04,True
2026-10-07T18:15:01.351624+00:00,AMF,2.18,True
2026-10-07T18:15:01.354912+00:00,SMF,0.62,True
2026-10-07T18:15:01.359991+00:00,UPF,1.56,True
2026-10-07T18:15:01.362373+00:00,NRF,0.73,True
2026-10-07T18:15:01.363623+00:00,AMF,1.28,True
2026-10-07T18:15:01.368306+00:00,SMF,1.1,True
2026-10-07T18:15:01.369339+00:00,UPF,0.65,True
2026-10-07T18:15:01.371850+00:00,PCF,3.35,True
2026-10-07T18:15:01.374432+00:00,UDM,2.26,True
2026-10-07T18:15:08.213968+00:00,NRF,0.85,True
2026-10-07T18:15:08.216262+00:00,AMF,0.89,True
2026-10-07T18:15:08.217534+00:00,SMF,2.1,True
2026-10-07T18:15:08.219247+00:00,UPF,1.39,True
2026-10-07T18:15:08.220800+00:00,NRF,1.36,True
2026-10-07T18:15:08.222933+00:00,AMF,3.01,True
2026-10-07T18:15:08.224508+00:00,SMF,1.82,True
2026-10-07T18:15:08.225969+00:00,UPF,1.69,True
2026-10-07T18:15:08.226999+00:00,PCF,2.33,True
2026-10-07T18:15:08.229640+00:00,UDM,3.2,True
2026-10-07T18:41:19.785245+00:00,NRF,1.05,True
2026-10-07T18:41:19.787254+00:00,AMF,1.91,True
2026-10-07T18:41:19.790591+00:00,SMF,2.96,True
2026-10-07T18:41:19.793943+00:00,UPF,0.81,True
2026-10-07T18:41:19.796063+00:00,NRF,1.36,True
2026-10-07T18:41:19.797905+00:00,AMF,4.42,True
2026-10-07T18:41:19.800215+00:00,SMF,0.91,True
2026-10-07T18:41:19.801877+00:00,UPF,2.9,True
2026-10-07T18:41:19.802419+00:00,PCF,1.92,True
2026-10-07T18:41:19.803434+00:00,UDM,1.02,True
2026-10-07T18:41:26.439249+00:00,NRF,1.96,True
2026-10-07T18:41:26.440247+00:00,AMF,2.92,True
2026-10-07T18:41:26.441212+00:00,SMF,2.75,True
2026-10-07T18:41:26.441792+00:00,UPF,1.22,True
2026-10-07T18:41:26.441792+00:00,NRF,2.07,True
2026-10-07T18:41:26.442800+00:00,AMF,4.18,True
2026-10-07T18:41:26.443830+00:00,SMF,1.75,True
2026-10-07T18:41:26.443830+00:00,UPF,3.04,True
2026-10-07T18:41:26.444800+00:00,PCF,4.1,True
2026-10-07T18:41:26.444800+00:00,UDM,0.55,True
2026-10-07T18:41:31.906269+00:00,NRF,0.71,True
2026-10-07T18:41:31.908272+00:00,AMF,2.53,True
2026-10-07T18:41:31.910268+00:00,SMF,2.73,True
2026-10-07T18:41:31.912026+00:00,UPF,1.51,True
2026-10-07T18:41:31.912026+00:00,NRF,4.71,True
2026-10-07T18:41:31.913032+00:00,AMF,2.58,True
2026-10-07T18:41:31.914546+00:00,SMF,3.28,True
2026-10-07T18:41:31.914546+00:00,UPF,3.6,True
2026-10-07T18:41:31.915545+00:00,PCF,3.62,True
2026-10-07T18:41:31.916547+00:00,UDM,4.89,True
2026-10-07T18:41:37.955567+00:00,NRF,0.96,True
2026-10-07T18:41:37.957561+00:00,AMF,2.66,True
2026-10-07T18:41:37.958565+00:00,SMF,2.5,True
2026-10-07T18:41:37.960103+00:00,UPF,1.35,True
2026-10-07T18:41:37.960444+00:00,NRF,0.81,True
2026-10-07T18:41:37.961463+00:00,AMF,2.42,True
2026-10-07T18:41:37.962483+00:00,SMF,1.13,True
2026-10-07T18:41:37.962483+00:00,UPF,2.43,True
2026-10-07T18:41:37.963483+00:00,PCF,3.42,True
2026-10-07T18:41:37.964481+00:00,UDM,2.17,True
2026-10-07T18:41:43.621451+00:00,NRF,1.4,True
2026-10-07T18:41:43.623635+00:00,AMF,0.99,True
2026-10-07T18:41:43.624649+00:00,SMF,2.0,True
2026-10-07T18:41:43.626028+00:00,UPF,1.56,True
2026-10-07T18:41:43.627611+00:00,NRF,4.75,True
2026-10-07T18:41:43.628627+00:00,AMF,3.6,True
2026-10-07T18:41:43.629627+00:00,SMF,1.82,True
2026-10-07T18:41:43.630625+00:00,UPF,0.93,True
2026-10-07T18:41:43.631625+00:00,PCF,1.57,True
2026-10-07T18:41:43.632628+00:00,UDM,1.0,True
2026-10-07T18:41:49.427269+00:00,NRF,1.23,True
2026-10-07T18:41:49.429265+00:00,AMF,1.95,True
2026-10-07T18:41:49.430268+00:00,SMF,1.07,True
2026-10-07T18:41:49.431264+00:00,UPF,1.68,True
2026-10-07T18:41:49.432268+00:00,NRF,4.99,True
2026-10-07T18:41:49.432268+00:00,AMF,1.52,True
2026-10-07T18:41:49.433739+00:00,SMF,2.13,True
2026-10-07T18:41:49.433739+00:00,UPF,4.6,True
2026-10-07T18:41:49.435255+00:00,PCF,4.91,True
2026-10-07T18:41:49.435255+00:00,UDM,4.53,True
2026-10-07T18:41:55.089129+00:00,NRF,1.37,True
2026-10-07T18:41:55.092327+00:00,AMF,0.96,True
2026-10-07T18:41:55.094393+00:00,SMF,1.29,True
2026-10-07T18:41:55.096579+00:00,UPF,1.61,True
2026-10-07T18:41:55.098815+00:00,NRF,2.82,True
2026-10-07T18:41:55.100499+00:00,AMF,1.59,True
2026-10-07T18:41:55.105065+00:00,SMF,1.54,True
2026-10-07T18:41:55.106587+00:00,UPF,2.59,True
2026-10-07T18:41:55.109555+00:00,PCF,3.65,True
2026-10-07T18:41:55.111577+00:00,UDM,1.71,True
2026-10-07T18:42:01.115501+00:00,NRF,0.77,True
2026-10-07T18:42:01.115501+00:00,AMF,1.83,True
2026-10-07T18:42:01.118017+00:00,SMF,0.77,True
2026-10-07T18:42:01.118017+00:00,UPF,1.58,True
2026-10-07T18:42:01.119018+00:00,NRF,0.83,True
2026-10-07T18:42:01.119018+00:00,AMF,4.5,True
2026-10-07T18:42:01.120018+00:00,SMF,4.31,True
2026-10-07T18:42:01.120018+00:00,UPF,1.89,True
2026-10-07T18:42:01.121017+00:00,PCF,1.87,True
2026-10-07T18:42:01.121017+00:00,UDM,0.88,True
2026-10-07T18:42:06.599152+00:00,NRF,1.14,True
2026-10-07T18:42:06.600156+00:00,AMF,2.48,True
2026-10-07T18:42:06.601154+00:00,SMF,0.68,True
2026-10-07T18:42:06.602154+00:00,UPF,1.18,True
2026-10-07T18:42:06.602154+00:00,NRF,3.38,True
2026-10-07T18:42:06.603631+00:00,AMF,0.87,True
2026-10-07T18:42:06.603631+00:00,SMF,2.38,True
2026-10-07T18:42:06.604631+00:00,UPF,1.19,True
2026-10-07T18:42:06.604631+00:00,PCF,1.83,True
2026-10-07T18:42:06.604631+00:00,UDM,4.76,True
2026-10-07T18:42:12.156141+00:00,NRF,1.62,True
2026-10-07T18:42:12.159085+00:00,AMF,2.42,True
2026-10-07T18:42:12.161446+00:00,SMF,1.86,True
2026-10-07T18:42:12.164524+00:00,UPF,0.92,True
2026-10-07T18:42:12.165829+00:00,NRF,1.95,True
2026-10-07T18:42:12.166935+00:00,AMF,2.97,True
2026-10-07T18:42:12.168084+00:00,SMF,4.19,True
2026-10-07T18:42:12.169187+00:00,UPF,4.6,True
2026-10-07T18:42:12.170390+00:00,PCF,0.76,True
2026-10-07T18:42:12.171521+00:00,UDM,0.72,True
2026-10-07T18:42:18.119920+00:00,NRF,1.4,True
2026-10-07T18:42:18.121412+00:00,AMF,1.58,True
2026-10-07T18:42:18.122491+00:00,SMF,2.81,True
2026-10-07T18:42:18.122491+00:00,UPF,1.32,True
2026-10-07T18:42:18.123490+00:00,NRF,1.54,True
2026-10-07T18:42:18.123490+00:00,AMF,2.22,True
2026-10-07T18:42:18.124491+00:00,SMF,2.49,True
2026-10-07T18:42:18.124491+00:00,UPF,4.48,True
2026-10-07T18:42:18.125490+00:00,PCF,3.42,True
2026-10-07T18:42:18.125490+00:00,UDM,2.29,True
2026-10-07T18:42:23.593370+00:00,NRF,0.72,True
2026-10-07T18:42:23.594373+00:00,AMF,1.7,True
2026-10-07T18:42:23.595371+00:00,SMF,1.29,True
2026-10-07T18:42:23.596880+00:00,UPF,0.68,True
2026-10-07T18:42:23.597922+00:00,NRF,1.13,True
2026-10-07T18:42:23.597922+00:00,AMF,3.44,True
2026-10-07T18:42:23.597922+00:00,SMF,3.53,True
2026-10-07T18:42:23.598886+00:00,UPF,2.75,True
2026-10-07T18:42:23.598886+00:00,PCF,2.35,True
2026-10-07T18:42:23.599890+00:00,UDM,4.62,True
2026-10-07T18:42:29.083056+00:00,NRF,0.78,True
2026-10-07T18:42:29.084051+00:00,AMF,1.15,True
2026-10-07T18:42:29.085053+00:00,SMF,1.45,True
2026-10-07T18:42:29.086600+00:00,UPF,1.33,True
2026-10-07T18:42:29.087658+00:00,NRF,2.71,True
2026-10-07T18:42:29.088661+00:00,AMF,0.9,True
2026-10-07T18:42:29.089696+00:00,SMF,4.36,True
2026-10-07T18:42:29.089696+00:00,UPF,4.51,True
2026-10-07T18:42:29.090658+00:00,PCF,4.28,True
2026-10-07T18:42:29.091696+00:00,UDM,3.91,True
2026-10-07T18:42:34.654657+00:00,NRF,1.77,True
2026-10-07T18:42:34.655660+00:00,AMF,2.9,True
2026-10-07T18:42:34.656655+00:00,SMF,2.64,True
2026-10-07T18:42:34.657655+00:00,UPF,1.52,True
2026-10-07T18:42:34.658655+00:00,NRF,3.36,True
2026-10-07T18:42:34.659657+00:00,AMF,3.38,True
2026-10-07T18:42:34.660692+00:00,SMF,3.55,True
2026-10-07T18:42:34.660692+00:00,UPF,2.01,True
2026-10-07T18:42:34.661656+00:00,PCF,1.07,True
2026-10-07T18:42:34.662692+00:00,UDM,3.88,True
2026-10-07T18:42:40.715444+00:00,NRF,0.72,True
2026-10-07T18:42:40.718437+00:00,AMF,2.49,True
2026-10-07T18:42:40.719588+00:00,SMF,1.16,True
2026-10-07T18:42:40.721585+00:00,UPF,1.63,True
2026-10-07T18:42:40.722586+00:00,NRF,2.8,True
2026-10-07T18:42:40.723584+00:00,AMF,1.07,True
2026-10-07T18:42:40.724575+00:00,SMF,3.16,True
2026-10-07T18:42:40.725598+00:00,UPF,1.92,True
2026-10-07T18:42:40.726594+00:00,PCF,3.25,True
2026-10-07T18:42:40.727598+00:00,UDM,2.83,True
2026-10-07T18:42:46.570433+00:00,NRF,1.5,True
2026-10-07T18:42:46.575451+00:00,AMF,2.61,True
2026-10-07T18:42:46.586441+00:00,SMF,2.82,True
2026-10-07T18:42:46.589655+00:00,UPF,2.0,True
2026-10-07T18:42:46.591793+00:00,NRF,1.37,True
2026-10-07T18:42:46.593636+00:00,AMF,1.79,True
2026-10-07T18:42:46.595353+00:00,SMF,0.83,True
2026-10-07T18:42:46.597907+00:00,UPF,1.46,True
2026-10-07T18:42:46.599822+00:00,PCF,4.0,True
2026-10-07T18:42:46.603131+00:00,UDM,1.74,True
2026-10-07T18:42:52.790632+00:00,NRF,1.35,True
2026-10-07T18:42:52.791624+00:00,AMF,1.19,True
2026-10-07T18:42:52.792627+00:00,SMF,2.37,True
2026-10-07T18:42:52.793701+00:00,UPF,1.34,True
2026-10-07T18:42:52.794629+00:00,NRF,3.42,True
2026-10-07T18:42:52.795628+00:00,AMF,1.44,True
2026-10-07T18:42:52.795628+00:00,SMF,0.6,True
2026-10-07T18:42:52.796640+00:00,UPF,3.28,True
2026-10-07T18:42:52.796640+00:00,PCF,2.08,True
2026-10-07T18:42:52.797664+00:00,UDM,2.34,True
2026-10-07T18:42:58.305463+00:00,NRF,1.8,True
2026-10-07T18:42:58.306459+00:00,AMF,0.94,True
2026-10-07T18:42:58.307459+00:00,SMF,1.29,True
2026-10-07T18:42:58.307459+00:00,UPF,0.87,True
2026-10-07T18:42:58.308462+00:00,NRF,3.7,True
2026-10-07T18:42:58.308462+00:00,AMF,3.32,True
2026-10-07T18:42:58.309459+00:00,SMF,2.61,True
2026-10-07T18:42:58.309459+00:00,UPF,4.85,True
2026-10-07T18:42:58.310463+00:00,PCF,2.39,True
2026-10-07T18:42:58.310463+00:00,UDM,3.39,True
2026-10-07T18:43:03.813913+00:00,NRF,0.67,True
2026-10-07T18:43:03.815377+00:00,AMF,2.95,True
2026-10-07T18:43:03.816422+00:00,SMF,0.57,True
2026-10-07T18:43:03.817459+00:00,UPF,0.76,True
2026-10-07T18:43:03.818465+00:00,NRF,1.06,True
2026-10-07T18:43:03.818465+00:00,AMF,3.87,True
2026-10-07T18:43:03.818465+00:00,SMF,1.61,True
2026-10-07T18:43:03.819433+00:00,UPF,2.92,True
2026-10-07T18:43:03.819433+00:00,PCF,4.25,True
2026-10-07T18:43:03.820421+00:00,UDM,4.2,True
2026-10-07T18:43:09.402056+00:00,NRF,1.28,True
2026-10-07T18:43:09.403054+00:00,AMF,2.59,True
2026-10-07T18:43:09.404055+00:00,SMF,2.35,True
2026-10-07T18:43:09.405059+00:00,UPF,0.86,True
2026-10-07T18:43:09.405059+00:00,NRF,3.0,True
2026-10-07T18:43:09.406057+00:00,AMF,1.94,True
2026-10-07T18:43:09.406057+00:00,SMF,3.74,True
2026-10-07T18:43:09.407056+00:00,UPF,1.36,True
2026-10-07T18:43:09.407056+00:00,PCF,3.96,True
2026-10-07T18:43:09.408093+00:00,UDM,0.62,True
2026-10-07T18:43:14.933826+00:00,NRF,0.84,True
2026-10-07T18:43:14.936383+00:00,AMF,1.46,True
2026-10-07T18:43:14.938920+00:00,SMF,1.69,True
2026-10-07T18:43:14.941918+00:00,UPF,1.55,True
2026-10-07T18:43:14.944267+00:00,NRF,4.99,True
2026-10-07T18:43:14.946238+00:00,AMF,4.1,True
2026-10-07T18:43:14.950868+00:00,SMF,1.17,True
2026-10-07T18:43:14.952889+00:00,UPF,1.06,True
2026-10-07T18:43:14.953886+00:00,PCF,0.54,True
2026-10-07T18:43:14.955224+00:00,UDM,4.15,True
2026-10-07T18:43:21.069196+00:00,NRF,1.65,True
2026-10-07T18:43:21.071210+00:00,AMF,2.62,True
2026-10-07T18:43:21.072213+00:00,SMF,1.63,True
2026-10-07T18:43:21.074208+00:00,UPF,0.64,True
2026-10-07T18:43:21.074208+00:00,NRF,3.1,True
2026-10-07T18:43:21.075206+00:00,AMF,3.04,True
2026-10-07T18:43:21.076208+00:00,SMF,1.25,True
2026-10-07T18:43:21.077212+00:00,UPF,3.78,True
2026-10-07T18:43:21.077212+00:00,PCF,4.64,True
2026-10-07T18:43:21.078207+00:00,UDM,2.25,True
2026-10-07T18:43:27.014329+00:00,NRF,1.95,True
2026-10-07T18:43:27.016338+00:00,AMF,0.61,True
2026-10-07T18:43:27.017344+00:00,SMF,0.51,True
2026-10-07T18:43:27.018339+00:00,UPF,1.04,True
2026-10-07T18:43:27.019338+00:00,NRF,1.49,True
2026-10-07T18:43:27.020344+00:00,AMF,1.71,True
2026-10-07T18:43:27.021343+00:00,SMF,3.66,True
2026-10-07T18:43:27.021343+00:00,UPF,2.05,True
2026-10-07T18:43:27.022343+00:00,PCF,4.86,True
2026-10-07T18:43:27.022343+00:00,UDM,3.18,True
2026-10-07T18:43:32.726841+00:00,NRF,1.73,True
2026-10-07T18:43:32.729849+00:00,AMF,1.49,True
2026-10-07T18:43:32.731846+00:00,SMF,1.52,True
2026-10-07T18:43:32.734020+00:00,UPF,1.42,True
2026-10-07T18:43:32.735178+00:00,NRF,2.87,True
2026-10-07T18:43:32.735739+00:00,AMF,0.74,True
2026-10-07T18:43:32.736884+00:00,SMF,3.49,True
2026-10-07T18:43:32.737449+00:00,UPF,0.93,True
2026-10-07T18:43:32.738572+00:00,PCF,3.62,True
2026-10-07T18:43:32.739157+00:00,UDM,4.83,True
2026-10-07T18:43:38.404096+00:00,NRF,0.9,True
2026-10-07T18:43:38.405215+00:00,AMF,1.69,True
2026-10-07T18:43:38.406845+00:00,SMF,2.13,True
2026-10-07T18:43:38.408047+00:00,UPF,1.25,True
2026-10-07T18:43:38.409208+00:00,NRF,4.04,True
2026-10-07T18:43:38.409861+00:00,AMF,3.46,True
2026-10-07T18:43:38.409861+00:00,SMF,2.91,True
2026-10-07T18:43:38.410824+00:00,UPF,3.36,True
2026-10-07T18:43:38.411891+00:00,PCF,2.08,True
2026-10-07T18:43:38.412932+00:00,UDM,4.26,True
2026-10-07T18:43:44.138507+00:00,NRF,1.5,True
2026-10-07T18:43:44.140501+00:00,AMF,1.55,True
2026-10-07T18:43:44.142512+00:00,SMF,2.79,True
2026-10-07T18:43:44.143478+00:00,UPF,1.45,True
2026-10-07T18:43:44.144553+00:00,NRF,3.39,True
2026-10-07T18:43:44.145552+00:00,AMF,1.4,True
2026-10-07T18:43:44.146551+00:00,SMF,3.16,True
2026-10-07T18:43:44.147551+00:00,UPF,3.42,True
2026-10-07T18:43:44.147551+00:00,PCF,2.68,True
2026-10-07T18:43:44.148553+00:00,UDM,2.1,True
2026-10-07T18:43:50.010728+00:00,NRF,0.51,True
2026-10-07T18:43:50.017255+00:00,AMF,2.47,True
2026-10-07T18:43:50.019283+00:00,SMF,2.17,True
2026-10-07T18:43:50.022814+00:00,UPF,0.61,True
2026-10-07T18:43:50.028916+00:00,NRF,0.85,True
2026-10-07T18:43:50.030907+00:00,AMF,3.31,True
2026-10-07T18:43:50.032901+00:00,SMF,4.07,True
2026-10-07T18:43:50.033910+00:00,UPF,2.1,True
2026-10-07T18:43:50.035906+00:00,PCF,2.47,True
2026-10-07T18:43:50.036919+00:00,UDM,3.46,True
2026-10-07T18:43:56.990772+00:00,NRF,1.54,True
2026-10-07T18:43:56.995890+00:00,AMF,2.3,True
2026-10-07T18:43:56.996888+00:00,SMF,1.47,True
2026-10-07T18:43:56.998893+00:00,UPF,0.63,True
2026-10-07T18:43:56.999894+00:00,NRF,3.81,True
2026-10-07T18:43:57.000893+00:00,AMF,4.26,True
2026-10-07T18:43:57.001893+00:00,SMF,1.59,True
2026-10-07T18:43:57.001893+00:00,UPF,0.53,True
2026-10-07T18:43:57.002907+00:00,PCF,2.74,True
2026-10-07T18:43:57.003893+00:00,UDM,2.18,True
2026-10-07T18:44:03.410763+00:00,NRF,1.25,True
2026-10-07T18:44:03.411761+00:00,AMF,0.92,True
2026-10-07T18:44:03.412764+00:00,SMF,2.88,True
2026-10-07T18:44:03.413763+00:00,UPF,0.77,True
2026-10-07T18:44:03.414771+00:00,NRF,1.4,True
2026-10-07T18:44:03.414771+00:00,AMF,1.16,True
2026-10-07T18:44:03.415806+00:00,SMF,0.78,True
2026-10-07T18:44:03.415806+00:00,UPF,0.83,True
2026-10-07T18:44:03.415806+00:00,PCF,2.02,True
2026-10-07T18:44:03.416770+00:00,UDM,4.06,True
2026-10-07T18:44:08.982066+00:00,NRF,1.8,True
2026-10-07T18:44:08.983063+00:00,AMF,1.9,True
2026-10-07T18:44:08.985061+00:00,SMF,1.22,True
2026-10-07T18:44:08.986064+00:00,UPF,1.2,True
2026-10-07T18:44:08.987065+00:00,NRF,4.88,True
2026-10-07T18:44:08.988066+00:00,AMF,1.49,True
2026-10-07T18:44:08.989059+00:00,SMF,2.18,True
2026-10-07T18:44:08.989059+00:00,UPF,3.19,True
2026-10-07T18:44:08.990057+00:00,PCF,1.63,True
2026-10-07T18:44:08.991251+00:00,UDM,1.59,True
2026-10-07T18:44:14.668454+00:00,NRF,1.67,True
2026-10-07T18:44:14.671523+00:00,AMF,1.05,True
2026-10-07T18:44:14.675158+00:00,SMF,1.56,True
2026-10-07T18:44:14.678350+00:00,UPF,0.72,True
2026-10-07T18:44:14.679454+00:00,NRF,3.84,True
2026-10-07T18:44:14.681305+00:00,AMF,1.62,True
2026-10-07T18:44:14.683116+00:00,SMF,3.89,True
2026-10-07T18:44:14.684915+00:00,UPF,4.14,True
2026-10-07T18:44:14.686085+00:00,PCF,1.32,True
2026-10-07T18:44:14.687338+00:00,UDM,0.75,True
2026-10-07T18:44:21.383212+00:00,NRF,1.97,True
2026-10-07T18:44:21.385213+00:00,AMF,1.67,True
2026-10-07T18:44:21.386213+00:00,SMF,2.66,True
2026-10-07T18:44:21.387212+00:00,UPF,0.68,True
2026-10-07T18:44:21.389214+00:00,NRF,1.76,True
2026-10-07T18:44:21.389214+00:00,AMF,2.91,True
2026-10-07T18:44:21.390221+00:00,SMF,2.65,True
2026-10-07T18:44:21.391229+00:00,UPF,0.56,True
2026-10-07T18:44:21.392232+00:00,PCF,0.64,True
2026-10-07T18:44:21.392232+00:00,UDM,4.13,True
2026-10-07T18:44:27.128606+00:00,NRF,1.88,True
2026-10-07T18:44:27.130113+00:00,AMF,0.81,True
2026-10-07T18:44:27.131122+00:00,SMF,1.54,True
2026-10-07T18:44:27.132122+00:00,UPF,0.86,True
2026-10-07T18:44:27.133138+00:00,NRF,4.43,True
2026-10-07T18:44:27.133138+00:00,AMF,4.18,True
2026-10-07T18:44:27.134152+00:00,SMF,0.92,True
2026-10-07T18:44:27.134152+00:00,UPF,0.94,True
2026-10-07T18:44:27.135147+00:00,PCF,2.07,True
2026-10-07T18:44:27.135725+00:00,UDM,4.81,True
2026-10-07T18:44:32.594129+00:00,NRF,1.16,True
2026-10-07T18:44:32.595125+00:00,AMF,1.07,True
2026-10-07T18:44:32.595125+00:00,SMF,2.21,True
2026-10-07T18:44:32.596327+00:00,UPF,0.51,True
2026-10-07T18:44:32.597321+00:00,NRF,4.64,True
2026-10-07T18:44:32.597321+00:00,AMF,4.19,True
2026-10-07T18:44:32.598319+00:00,SMF,3.22,True
2026-10-07T18:44:32.599325+00:00,UPF,0.51,True
2026-10-07T18:44:32.599325+00:00,PCF,4.09,True
2026-10-07T18:44:32.599325+00:00,UDM,4.75,True
2026-10-07T18:44:38.075705+00:00,NRF,0.65,True
2026-10-07T18:44:38.077675+00:00,AMF,1.49,True
2026-10-07T18:44:38.078670+00:00,SMF,2.96,True
2026-10-07T18:44:38.078670+00:00,UPF,1.12,True
2026-10-07T18:44:38.079673+00:00,NRF,2.09,True
2026-10-07T18:44:38.080670+00:00,AMF,4.1,True
2026-10-07T18:44:38.080670+00:00,SMF,1.69,True
2026-10-07T18:44:38.081668+00:00,UPF,1.18,True
2026-10-07T18:44:38.081668+00:00,PCF,4.03,True
2026-10-07T18:44:38.081668+00:00,UDM,1.62,True
2026-10-07T18:44:43.647284+00:00,NRF,0.55,True
2026-10-07T18:44:43.648282+00:00,AMF,2.98,True
2026-10-07T18:44:43.649283+00:00,SMF,1.94,True
2026-10-07T18:44:43.649283+00:00,UPF,1.6,True
2026-10-07T18:44:43.650284+00:00,NRF,2.09,True
2026-10-07T18:44:43.651283+00:00,AMF,4.71,True
2026-10-07T18:44:43.652794+00:00,SMF,4.61,True
2026-10-07T18:44:43.653811+00:00,UPF,4.33,True
2026-10-07T18:44:43.654801+00:00,PCF,0.53,True
2026-10-07T18:44:43.655803+00:00,UDM,3.57,True
2026-10-07T18:44:49.203602+00:00,NRF,0.6,True
2026-10-07T18:44:49.204583+00:00,AMF,1.94,True
2026-10-07T18:44:49.205584+00:00,SMF,2.29,True
2026-10-07T18:44:49.206582+00:00,UPF,0.96,True
2026-10-07T18:44:49.206582+00:00,NRF,3.71,True
2026-10-07T18:44:49.207579+00:00,AMF,2.06,True
2026-10-07T18:44:49.207579+00:00,SMF,0.76,True
2026-10-07T18:44:49.207579+00:00,UPF,3.43,True
2026-10-07T18:44:49.208579+00:00,PCF,0.64,True
2026-10-07T18:44:49.208579+00:00,UDM,4.14,True
2026-10-07T18:44:55.027067+00:00,NRF,1.75,True
2026-10-07T18:44:55.030509+00:00,AMF,1.44,True
2026-10-07T18:44:55.032958+00:00,SMF,2.67,True
2026-10-07T18:44:55.035971+00:00,UPF,0.69,True
2026-10-07T18:44:55.037207+00:00,NRF,0.59,True
2026-10-07T18:44:55.038944+00:00,AMF,0.8,True
2026-10-07T18:44:55.042775+00:00,SMF,4.32,True
2026-10-07T18:44:55.043936+00:00,UPF,0.83,True
2026-10-07T18:44:55.046341+00:00,PCF,2.42,True
2026-10-07T18:44:55.047960+00:00,UDM,3.39,True
2026-10-07T18:45:01.252686+00:00,NRF,0.71,True
2026-10-07T18:45:01.254689+00:00,AMF,1.09,True
2026-10-07T18:45:01.256689+00:00,SMF,2.94,True
2026-10-07T18:45:01.257688+00:00,UPF,1.51,True
2026-10-07T18:45:01.258688+00:00,NRF,4.61,True
2026-10-07T18:45:01.258688+00:00,AMF,4.68,True
2026-10-07T18:45:01.259688+00:00,SMF,4.74,True
2026-10-07T18:45:01.260687+00:00,UPF,4.1,True
2026-10-07T18:45:01.260687+00:00,PCF,1.0,True
2026-10-07T18:45:01.261686+00:00,UDM,4.1,True
2026-10-07T18:45:06.896412+00:00,NRF,0.95,True
2026-10-07T18:45:06.897411+00:00,AMF,1.59,True
2026-10-07T18:45:06.897411+00:00,SMF,1.81,True
2026-10-07T18:45:06.899412+00:00,UPF,1.22,True
2026-10-07T18:45:06.899412+00:00,NRF,3.04,True
2026-10-07T18:45:06.900412+00:00,AMF,4.4,True
2026-10-07T18:45:06.900412+00:00,SMF,0.81,True
2026-10-07T18:45:06.901419+00:00,UPF,1.52,True
2026-10-07T18:45:06.901419+00:00,PCF,3.85,True
2026-10-07T18:45:06.902420+00:00,UDM,4.65,True
2026-10-07T18:45:12.475175+00:00,NRF,1.61,True
2026-10-07T18:45:12.476693+00:00,AMF,2.52,True
2026-10-07T18:45:12.487798+00:00,SMF,1.49,True
2026-10-07T18:45:12.488815+00:00,UPF,1.31,True
2026-10-07T18:45:12.489818+00:00,NRF,2.39,True
2026-10-07T18:45:12.490817+00:00,AMF,4.1,True
2026-10-07T18:45:12.491815+00:00,SMF,3.78,True
2026-10-07T18:45:12.492815+00:00,UPF,4.2,True
2026-10-07T18:45:12.494330+00:00,PCF,4.91,True
2026-10-07T18:45:12.494330+00:00,UDM,3.78,True
2026-10-07T18:45:18.274932+00:00,NRF,1.73,True
2026-10-07T18:45:18.275933+00:00,AMF,2.55,True
2026-10-07T18:45:18.277505+00:00,SMF,1.58,True
2026-10-07T18:45:18.277505+00:00,UPF,1.32,True
2026-10-07T18:45:18.278517+00:00,NRF,3.79,True
2026-10-07T18:45:18.279532+00:00,AMF,4.62,True
2026-10-07T18:45:18.279532+00:00,SMF,4.38,True
2026-10-07T18:45:18.280515+00:00,UPF,4.34,True
2026-10-07T18:45:18.281514+00:00,PCF,0.82,True
2026-10-07T18:45:18.281514+00:00,UDM,4.35,True
2026-10-07T18:45:23.750394+00:00,NRF,1.3,True
2026-10-07T18:45:23.751394+00:00,AMF,1.61,True
2026-10-07T18:45:23.752393+00:00,SMF,1.65,True
2026-10-07T18:45:23.753399+00:00,UPF,1.16,True
2026-10-07T18:45:23.754395+00:00,NRF,2.05,True
2026-10-07T18:45:23.754395+00:00,AMF,0.73,True
2026-10-07T18:45:23.755396+00:00,SMF,4.9,True
2026-10-07T18:45:23.755396+00:00,UPF,2.56,True
2026-10-07T18:45:23.756396+00:00,PCF,3.87,True
2026-10-07T18:45:23.756396+00:00,UDM,3.77,True
2026-10-07T18:45:29.220333+00:00,NRF,0.6,True
2026-10-07T18:45:29.222344+00:00,AMF,2.15,True
2026-10-07T18:45:29.223360+00:00,SMF,1.86,True
2026-10-07T18:45:29.224357+00:00,UPF,1.17,True
2026-10-07T18:45:29.224357+00:00,NRF,0.65,True
2026-10-07T18:45:29.225358+00:00,AMF,0.53,True
2026-10-07T18:45:29.225358+00:00,SMF,4.32,True
2026-10-07T18:45:29.226358+00:00,UPF,4.84,True
2026-10-07T18:45:29.226358+00:00,PCF,3.34,True
2026-10-07T18:45:29.227360+00:00,UDM,0.7,True
2026-10-07T18:45:34.756587+00:00,NRF,0.92,True
2026-10-07T18:45:34.757586+00:00,AMF,1.03,True
2026-10-07T18:45:34.759587+00:00,SMF,1.05,True
2026-10-07T18:45:34.760595+00:00,UPF,1.63,True
2026-10-07T18:45:34.761587+00:00,NRF,2.4,True
2026-10-07T18:45:34.762173+00:00,AMF,4.3,True
2026-10-07T18:45:34.763258+00:00,SMF,2.28,True
2026-10-07T18:45:34.764292+00:00,UPF,2.44,True
2026-10-07T18:45:34.764292+00:00,PCF,1.92,True
2026-10-07T18:45:34.765807+00:00,UDM,3.86,True
2026-10-07T18:45:40.569776+00:00,NRF,1.38,True
2026-10-07T18:45:40.571779+00:00,AMF,2.9,True
2026-10-07T18:45:40.572779+00:00,SMF,1.94,True
2026-10-07T18:45:40.572779+00:00,UPF,0.72,True
2026-10-07T18:45:40.573791+00:00,NRF,1.93,True
2026-10-07T18:45:40.573791+00:00,AMF,0.54,True
2026-10-07T18:45:40.574791+00:00,SMF,3.48,True
2026-10-07T18:45:40.574791+00:00,UPF,3.93,True
2026-10-07T18:45:40.574791+00:00,PCF,3.92,True
2026-10-07T18:45:40.575791+00:00,UDM,4.53,True
2026-10-07T18:45:46.163897+00:00,NRF,0.68,True
2026-10-07T18:45:46.164896+00:00,AMF,1.81,True
2026-10-07T18:45:46.165899+00:00,SMF,2.77,True
2026-10-07T18:45:46.166899+00:00,UPF,1.11,True
2026-10-07T18:45:46.166899+00:00,NRF,1.74,True
2026-10-07T18:45:46.167897+00:00,AMF,4.41,True
2026-10-07T18:45:46.168895+00:00,SMF,4.67,True
2026-10-07T18:45:46.168895+00:00,UPF,0.97,True
2026-10-07T18:45:46.168895+00:00,PCF,2.58,True
2026-10-07T18:45:46.169898+00:00,UDM,2.07,True
2026-10-07T18:45:51.817997+00:00,NRF,1.95,True
2026-10-07T18:45:51.819526+00:00,AMF,2.44,True
2026-10-07T18:45:51.820524+00:00,SMF,1.0,True
2026-10-07T18:45:51.822519+00:00,UPF,1.96,True
2026-10-07T18:45:51.823530+00:00,NRF,3.9,True
2026-10-07T18:45:51.824529+00:00,AMF,1.54,True
2026-10-07T18:45:51.824529+00:00,SMF,1.84,True
2026-10-07T18:45:51.826049+00:00,UPF,3.25,True
2026-10-07T18:45:51.827065+00:00,PCF,3.73,True
2026-10-07T18:45:51.828170+00:00,UDM,1.57,True
2026-10-07T18:45:57.885133+00:00,NRF,0.74,True
2026-10-07T18:45:57.886133+00:00,AMF,1.65,True
2026-10-07T18:45:57.888130+00:00,SMF,2.17,True
2026-10-07T18:45:57.889131+00:00,UPF,1.97,True
2026-10-07T18:45:57.890129+00:00,NRF,2.72,True
2026-10-07T18:45:57.891130+00:00,AMF,2.0,True
2026-10-07T18:45:57.892130+00:00,SMF,3.0,True
2026-10-07T18:45:57.893133+00:00,UPF,1.32,True
2026-10-07T18:45:57.894134+00:00,PCF,1.36,True
2026-10-07T18:45:57.895129+00:00,UDM,4.6,True
2026-10-07T18:46:03.538327+00:00,NRF,1.88,True
2026-10-07T18:46:03.539333+00:00,AMF,1.92,True
2026-10-07T18:46:03.541691+00:00,SMF,0.59,True
2026-10-07T18:46:03.542756+00:00,UPF,1.72,True
2026-10-07T18:46:03.543754+00:00,NRF,1.56,True
2026-10-07T18:46:03.544759+00:00,AMF,3.87,True
2026-10-07T18:46:03.545758+00:00,SMF,3.11,True
2026-10-07T18:46:03.546758+00:00,UPF,1.81,True
2026-10-07T18:46:03.546758+00:00,PCF,4.07,True
2026-10-07T18:46:03.548271+00:00,UDM,1.19,True
2026-10-07T18:46:09.175831+00:00,NRF,0.88,True
2026-10-07T18:46:09.177851+00:00,AMF,2.78,True
2026-10-07T18:46:09.178830+00:00,SMF,1.14,True
2026-10-07T18:46:09.181828+00:00,UPF,1.51,True
2026-10-07T18:46:09.182835+00:00,NRF,1.42,True
2026-10-07T18:46:09.183828+00:00,AMF,4.77,True
2026-10-07T18:46:09.184832+00:00,SMF,2.98,True
2026-10-07T18:46:09.185831+00:00,UPF,4.02,True
2026-10-07T18:46:09.186832+00:00,PCF,4.52,True
2026-10-07T18:46:09.187832+00:00,UDM,4.94,True
2026-10-07T18:46:14.898954+00:00,NRF,0.81,True
2026-10-07T18:46:14.903485+00:00,AMF,1.67,True
2026-10-07T18:46:14.905989+00:00,SMF,1.93,True
2026-10-07T18:46:14.907514+00:00,UPF,1.79,True
2026-10-07T18:46:14.908578+00:00,NRF,1.15,True
2026-10-07T18:46:14.910314+00:00,AMF,0.79,True
2026-10-07T18:46:14.911467+00:00,SMF,2.63,True
2026-10-07T18:46:14.912592+00:00,UPF,3.39,True
2026-10-07T18:46:14.913862+00:00,PCF,2.66,True
2026-10-07T18:46:14.915635+00:00,UDM,2.88,True
2026-10-07T18:46:20.858141+00:00,NRF,1.76,True
2026-10-07T18:46:20.858141+00:00,AMF,2.05,True
2026-10-07T18:46:20.859143+00:00,SMF,2.88,True
2026-10-07T18:46:20.860143+00:00,UPF,1.76,True
2026-10-07T18:46:20.860143+00:00,NRF,2.52,True
2026-10-07T18:46:20.860143+00:00,AMF,3.01,True
2026-10-07T18:46:20.861140+00:00,SMF,3.3,True
2026-10-07T18:46:20.861140+00:00,UPF,1.49,True
2026-10-07T18:46:20.861140+00:00,PCF,4.53,True
2026-10-07T18:46:20.862142+00:00,UDM,3.17,True
2026-10-07T18:46:26.339719+00:00,NRF,1.04,True
2026-10-07T18:46:26.340683+00:00,AMF,0.83,True
2026-10-07T18:46:26.341686+00:00,SMF,2.93,True
2026-10-07T18:46:26.341686+00:00,UPF,0.76,True
2026-10-07T18:46:26.342682+00:00,NRF,1.2,True
2026-10-07T18:46:26.343683+00:00,AMF,1.73,True
2026-10-07T18:46:26.344219+00:00,SMF,1.22,True
2026-10-07T18:46:26.344219+00:00,UPF,1.82,True
2026-10-07T18:46:26.345226+00:00,PCF,3.02,True
2026-10-07T18:46:26.345226+00:00,UDM,4.71,True
2026-10-07T18:46:31.817567+00:00,NRF,0.58,True
2026-10-07T18:46:31.818563+00:00,AMF,2.32,True
2026-10-07T18:46:31.819565+00:00,SMF,1.19,True
2026-10-07T18:46:31.821076+00:00,UPF,0.77,True
2026-10-07T18:46:31.822085+00:00,NRF,4.24,True
2026-10-07T18:46:31.822085+00:00,AMF,1.32,True
2026-10-07T18:46:31.823084+00:00,SMF,4.85,True
2026-10-07T18:46:31.823084+00:00,UPF,4.53,True
2026-10-07T18:46:31.823084+00:00,PCF,4.73,True
2026-10-07T18:46:31.824084+00:00,UDM,4.12,True
2026-10-07T18:46:37.272972+00:00,NRF,1.93,True
2026-10-07T18:46:37.273971+00:00,AMF,2.88,True
2026-10-07T18:46:37.274972+00:00,SMF,2.81,True
2026-10-07T18:46:37.275974+00:00,UPF,1.87,True
2026-10-07T18:46:37.277972+00:00,NRF,3.47,True
2026-10-07T18:46:37.278973+00:00,AMF,2.79,True
2026-10-07T18:46:37.278973+00:00,SMF,1.86,True
2026-10-07T18:46:37.279973+00:00,UPF,0.8,True
2026-10-07T18:46:37.280975+00:00,PCF,2.32,True
2026-10-07T18:46:37.280975+00:00,UDM,4.44,True
2026-10-07T18:46:42.807975+00:00,NRF,1.87,True
2026-10-07T18:46:42.808988+00:00,AMF,1.74,True
2026-10-07T18:46:42.810499+00:00,SMF,2.93,True
2026-10-07T18:46:42.812779+00:00,UPF,1.51,True
2026-10-07T18:46:42.812779+00:00,NRF,2.44,True
2026-10-07T18:46:42.813790+00:00,AMF,0.97,True
2026-10-07T18:46:42.814790+00:00,SMF,4.16,True
2026-10-07T18:46:42.815792+00:00,UPF,2.06,True
2026-10-07T18:46:42.816300+00:00,PCF,0.97,True
2026-10-07T18:46:42.816300+00:00,UDM,3.96,True
2026-10-07T18:46:48.345036+00:00,NRF,0.58,True
2026-10-07T18:46:48.346037+00:00,AMF,2.7,True
2026-10-07T18:46:48.347036+00:00,SMF,1.03,True
2026-10-07T18:46:48.348037+00:00,UPF,1.05,True
2026-10-07T18:46:48.349035+00:00,NRF,4.63,True
2026-10-07T18:46:48.350033+00:00,AMF,1.22,True
2026-10-07T18:46:48.350033+00:00,SMF,3.12,True
2026-10-07T18:46:48.351037+00:00,UPF,2.12,True
2026-10-07T18:46:48.351610+00:00,PCF,3.11,True
2026-10-07T18:46:48.352478+00:00,UDM,1.94,True
2026-10-07T18:46:53.881065+00:00,NRF,0.62,True
2026-10-07T18:46:53.882066+00:00,AMF,1.56,True
2026-10-07T18:46:53.884070+00:00,SMF,1.77,True
2026-10-07T18:46:53.885061+00:00,UPF,1.83,True
2026-10-07T18:46:53.887164+00:00,NRF,2.96,True
2026-10-07T18:46:53.887164+00:00,AMF,2.95,True
2026-10-07T18:46:53.888164+00:00,SMF,4.41,True
2026-10-07T18:46:53.889168+00:00,UPF,2.59,True
2026-10-07T18:46:53.890206+00:00,PCF,3.42,True
2026-10-07T18:46:53.890206+00:00,UDM,4.72,True
2026-10-07T18:46:59.572171+00:00,NRF,1.55,True
2026-10-07T18:46:59.574168+00:00,AMF,1.78,True
2026-10-07T18:46:59.575171+00:00,SMF,1.13,True
2026-10-07T18:46:59.576170+00:00,UPF,1.39,True
2026-10-07T18:46:59.577171+00:00,NRF,4.23,True
2026-10-07T18:46:59.578829+00:00,AMF,1.38,True
2026-10-07T18:46:59.578829+00:00,SMF,4.44,True
2026-10-07T18:46:59.579847+00:00,UPF,4.22,True
2026-10-07T18:46:59.580860+00:00,PCF,2.36,True
2026-10-07T18:46:59.581842+00:00,UDM,2.01,True
2026-10-07T18:47:05.268847+00:00,NRF,1.57,True
2026-10-07T18:47:05.271350+00:00,AMF,2.2,True
2026-10-07T18:47:05.275418+00:00,SMF,0.74,True
2026-10-07T18:47:05.277980+00:00,UPF,0.96,True
2026-10-07T18:47:05.278974+00:00,NRF,3.41,True
2026-10-07T18:47:05.282037+00:00,AMF,0.74,True
2026-10-07T18:47:05.284083+00:00,SMF,3.5,True
2026-10-07T18:47:05.286664+00:00,UPF,1.24,True
2026-10-07T18:47:05.287658+00:00,PCF,1.0,True
2026-10-07T18:47:05.289184+00:00,UDM,1.48,True
2026-10-07T18:47:11.062577+00:00,NRF,0.77,True
2026-10-07T18:47:11.063547+00:00,AMF,1.92,True
2026-10-07T18:47:11.064547+00:00,SMF,2.49,True
2026-10-07T18:47:11.065549+00:00,UPF,0.55,True
2026-10-07T18:47:11.066104+00:00,NRF,2.93,True
2026-10-07T18:47:11.066527+00:00,AMF,4.2,True
2026-10-07T18:47:11.066527+00:00,SMF,2.87,True
2026-10-07T18:47:11.067538+00:00,UPF,0.91,True
2026-10-07T18:47:11.067538+00:00,PCF,4.66,True
2026-10-07T18:47:11.067538+00:00,UDM,2.23,True
2026-10-07T18:47:16.586074+00:00,NRF,1.78,True
2026-10-07T18:47:16.587076+00:00,AMF,3.0,True
2026-10-07T18:47:16.588075+00:00,SMF,2.12,True
2026-10-07T18:47:16.589077+00:00,UPF,1.14,True
2026-10-07T18:47:16.589077+00:00,NRF,3.94,True
2026-10-07T18:47:16.590110+00:00,AMF,1.32,True
2026-10-07T18:47:16.590110+00:00,SMF,4.91,True
2026-10-07T18:47:16.591075+00:00,UPF,1.24,True
2026-10-07T18:47:16.591075+00:00,PCF,3.11,True
2026-10-07T18:47:16.592075+00:00,UDM,1.13,True
2026-10-07T18:47:22.341717+00:00,NRF,0.58,True
2026-10-07T18:47:22.343720+00:00,AMF,1.31,True
2026-10-07T18:47:22.345714+00:00,SMF,2.23,True
2026-10-07T18:47:22.348795+00:00,UPF,0.61,True
2026-10-07T18:47:22.349793+00:00,NRF,4.69,True
2026-10-07T18:47:22.351796+00:00,AMF,1.96,True
2026-10-07T18:47:22.352796+00:00,SMF,2.13,True
2026-10-07T18:47:22.353819+00:00,UPF,4.9,True
2026-10-07T18:47:22.354795+00:00,PCF,4.51,True
2026-10-07T18:47:22.355793+00:00,UDM,4.91,True
2026-10-07T18:47:28.461147+00:00,NRF,0.68,True
2026-10-07T18:47:28.463146+00:00,AMF,1.56,True
2026-10-07T18:47:28.465147+00:00,SMF,1.49,True
2026-10-07T18:47:28.465147+00:00,UPF,1.71,True
2026-10-07T18:47:28.465147+00:00,NRF,3.36,True
2026-10-07T18:47:28.466146+00:00,AMF,1.31,True
2026-10-07T18:47:28.466146+00:00,SMF,2.61,True
2026-10-07T18:47:28.467147+00:00,UPF,3.31,True
2026-10-07T18:47:28.467147+00:00,PCF,4.05,True
2026-10-07T18:47:28.468154+00:00,UDM,4.24,True
2026-10-07T18:47:33.952564+00:00,NRF,1.73,True
2026-10-07T18:47:33.954527+00:00,AMF,1.9,True
2026-10-07T18:47:33.955530+00:00,SMF,1.18,True
2026-10-07T18:47:33.955530+00:00,UPF,0.73,True
2026-10-07T18:47:33.956526+00:00,NRF,4.12,True
2026-10-07T18:47:33.957557+00:00,AMF,1.73,True
2026-10-07T18:47:33.957557+00:00,SMF,0.66,True
2026-10-07T18:47:33.957557+00:00,UPF,2.06,True
2026-10-07T18:47:33.958526+00:00,PCF,4.68,True
2026-10-07T18:47:33.958526+00:00,UDM,2.9,True
2026-10-07T18:47:39.483115+00:00,NRF,1.61,True
2026-10-07T18:47:39.484117+00:00,AMF,0.74,True
2026-10-07T18:47:39.485121+00:00,SMF,2.88,True
2026-10-07T18:47:39.486124+00:00,UPF,0.72,True
2026-10-07T18:47:39.487116+00:00,NRF,0.62,True
2026-10-07T18:47:39.487116+00:00,AMF,0.55,True
2026-10-07T18:47:39.488117+00:00,SMF,3.88,True
2026-10-07T18:47:39.488117+00:00,UPF,2.13,True
2026-10-07T18:47:39.488117+00:00,PCF,2.34,True
2026-10-07T18:47:39.489115+00:00,UDM,0.98,True
2026-10-07T18:47:45.074043+00:00,NRF,1.65,True
2026-10-07T18:47:45.076082+00:00,AMF,2.26,True
2026-10-07T18:47:45.077777+00:00,SMF,0.77,True
2026-10-07T18:47:45.079547+00:00,UPF,1.7,True
2026-10-07T18:47:45.080670+00:00,NRF,2.74,True
2026-10-07T18:47:45.081329+00:00,AMF,1.03,True
2026-10-07T18:47:45.082420+00:00,SMF,3.6,True
2026-10-07T18:47:45.083174+00:00,UPF,4.67,True
2026-10-07T18:47:45.084321+00:00,PCF,0.78,True
2026-10-07T18:47:45.084882+00:00,UDM,3.21,True
2026-10-07T18:47:51.266159+00:00,NRF,1.18,True
2026-10-07T18:47:51.268162+00:00,AMF,1.19,True
2026-10-07T18:47:51.269169+00:00,SMF,1.08,True
2026-10-07T18:47:51.271210+00:00,UPF,1.53,True
2026-10-07T18:47:51.272186+00:00,NRF,3.77,True
2026-10-07T18:47:51.273187+00:00,AMF,2.19,True
2026-10-07T18:47:51.274191+00:00,SMF,3.25,True
2026-10-07T18:47:51.276184+00:00,UPF,1.21,True
2026-10-07T18:47:51.277640+00:00,PCF,2.31,True
2026-10-07T18:47:51.278816+00:00,UDM,1.04,True
2026-10-07T18:47:55.755997+00:00,NRF,1.41,True
2026-10-07T18:47:55.770091+00:00,AMF,1.79,True
2026-10-07T18:47:55.782835+00:00,SMF,2.79,True
2026-10-07T18:47:55.800583+00:00,UPF,1.66,True
2026-10-07T18:47:55.822043+00:00,NRF,0.58,True
2026-10-07T18:47:55.834303+00:00,AMF,3.1,True
2026-10-07T18:47:55.838465+00:00,SMF,2.79,True
2026-10-07T18:47:55.857309+00:00,UPF,3.7,True
2026-10-07T18:47:55.865127+00:00,PCF,3.43,True
2026-10-07T18:47:55.868475+00:00,UDM,4.63,True
2026-10-07T18:48:03.405641+00:00,NRF,1.96,True
2026-10-07T18:48:03.406646+00:00,AMF,1.3,True
2026-10-07T18:48:03.406646+00:00,SMF,2.05,True
2026-10-07T18:48:03.408193+00:00,UPF,0.63,True
2026-10-07T18:48:03.409201+00:00,NRF,4.26,True
2026-10-07T18:48:03.410315+00:00,AMF,1.12,True
2026-10-07T18:48:03.410315+00:00,SMF,0.82,True
2026-10-07T18:48:03.411314+00:00,UPF,0.79,True
2026-10-07T18:48:03.412313+00:00,PCF,3.05,True
2026-10-07T18:48:03.413308+00:00,UDM,4.35,True
2026-10-07T18:48:08.864617+00:00,NRF,1.89,True
2026-10-07T18:48:08.865608+00:00,AMF,0.83,True
2026-10-07T18:48:08.866611+00:00,SMF,2.84,True
2026-10-07T18:48:08.868612+00:00,UPF,0.84,True
2026-10-07T18:48:08.869610+00:00,NRF,1.78,True
2026-10-07T18:48:08.869610+00:00,AMF,3.22,True
2026-10-07T18:48:08.870610+00:00,SMF,2.64,True
2026-10-07T18:48:08.871619+00:00,UPF,2.47,True
2026-10-07T18:48:08.871619+00:00,PCF,4.73,True
2026-10-07T18:48:08.872619+00:00,UDM,4.26,True
2026-10-07T18:48:14.543552+00:00,NRF,1.09,True
2026-10-07T18:48:14.545563+00:00,AMF,1.58,True
2026-10-07T18:48:14.546562+00:00,SMF,1.45,True
2026-10-07T18:48:14.548584+00:00,UPF,1.4,True
2026-10-07T18:48:14.548584+00:00,NRF,1.12,True
2026-10-07T18:48:14.549603+00:00,AMF,2.62,True
2026-10-07T18:48:14.550605+00:00,SMF,3.0,True
2026-10-07T18:48:14.551599+00:00,UPF,1.76,True
2026-10-07T18:48:14.553605+00:00,PCF,1.73,True
2026-10-07T18:48:14.554604+00:00,UDM,4.95,True
2026-10-07T18:48:21.308100+00:00,NRF,1.1,True
2026-10-07T18:48:21.311092+00:00,AMF,1.26,True
2026-10-07T18:48:21.312092+00:00,SMF,1.68,True
2026-10-07T18:48:21.313126+00:00,UPF,0.83,True
2026-10-07T18:48:21.315131+00:00,NRF,4.17,True
2026-10-07T18:48:21.316131+00:00,AMF,4.2,True
2026-10-07T18:48:21.317092+00:00,SMF,4.65,True
2026-10-07T18:48:21.318092+00:00,UPF,4.42,True
2026-10-07T18:48:21.319133+00:00,PCF,4.18,True
2026-10-07T18:48:21.319133+00:00,UDM,3.9,True
2026-10-07T18:48:27.152618+00:00,NRF,1.83,True
2026-10-07T18:48:27.153618+00:00,AMF,1.96,True
2026-10-07T18:48:27.155580+00:00,SMF,2.22,True
2026-10-07T18:48:27.157577+00:00,UPF,0.66,True
2026-10-07T18:48:27.158581+00:00,NRF,4.52,True
2026-10-07T18:48:27.159619+00:00,AMF,2.24,True
2026-10-07T18:48:27.159619+00:00,SMF,3.02,True
2026-10-07T18:48:27.160575+00:00,UPF,3.78,True
2026-10-07T18:48:27.160575+00:00,PCF,4.58,True
2026-10-07T18:48:27.161580+00:00,UDM,1.12,True
2026-10-07T18:48:33.244459+00:00,NRF,1.17,True
2026-10-07T18:48:33.246460+00:00,AMF,1.27,True
2026-10-07T18:48:33.248457+00:00,SMF,0.6,True
2026-10-07T18:48:33.250455+00:00,UPF,1.39,True
2026-10-07T18:48:33.252988+00:00,NRF,2.48,True
2026-10-07T18:48:33.254987+00:00,AMF,1.46,True
2026-10-07T18:48:33.256216+00:00,SMF,0.5,True
2026-10-07T18:48:33.258550+00:00,UPF,2.16,True
2026-10-07T18:48:33.259562+00:00,PCF,2.85,True
2026-10-07T18:48:33.260565+00:00,UDM,2.16,True
2026-10-07T18:48:39.599329+00:00,NRF,1.41,True
2026-10-07T18:48:39.600842+00:00,AMF,0.63,True
2026-10-07T18:48:39.603385+00:00,SMF,1.01,True
2026-10-07T18:48:39.605677+00:00,UPF,0.95,True
2026-10-07T18:48:39.609680+00:00,NRF,0.65,True
2026-10-07T18:48:39.611683+00:00,AMF,1.65,True
2026-10-07T18:48:39.612681+00:00,SMF,3.88,True
2026-10-07T18:48:39.613678+00:00,UPF,2.04,True
2026-10-07T18:48:39.614681+00:00,PCF,1.77,True
2026-10-07T18:48:39.615702+00:00,UDM,2.38,True
2026-10-07T18:48:46.584320+00:00,NRF,0.83,True
2026-10-07T18:48:46.585320+00:00,AMF,1.25,True
2026-10-07T18:48:46.587583+00:00,SMF,2.94,True
2026-10-07T18:48:46.588579+00:00,UPF,1.15,True
2026-10-07T18:48:46.590581+00:00,NRF,0.79,True
2026-10-07T18:48:46.591587+00:00,AMF,3.8,True
2026-10-07T18:48:46.591587+00:00,SMF,4.31,True
2026-10-07T18:48:46.592584+00:00,UPF,1.98,True
2026-10-07T18:48:46.593582+00:00,PCF,2.64,True
2026-10-07T18:48:46.593582+00:00,UDM,4.45,True
2026-10-07T18:48:52.298222+00:00,NRF,1.81,True
2026-10-07T18:48:52.299221+00:00,AMF,1.23,True
2026-10-07T18:48:52.300227+00:00,SMF,0.75,True
2026-10-07T18:48:52.303224+00:00,UPF,1.86,True
2026-10-07T18:48:52.304221+00:00,NRF,0.89,True
2026-10-07T18:48:52.305222+00:00,AMF,0.88,True
2026-10-07T18:48:52.305222+00:00,SMF,1.2,True
2026-10-07T18:48:52.306223+00:00,UPF,1.7,True
2026-10-07T18:48:52.306223+00:00,PCF,2.59,True
2026-10-07T18:48:52.307247+00:00,UDM,2.06,True
2026-10-07T18:48:57.984878+00:00,NRF,1.07,True
2026-10-07T18:48:57.988007+00:00,AMF,0.72,True
2026-10-07T18:48:57.989011+00:00,SMF,2.18,True
2026-10-07T18:48:57.991009+00:00,UPF,1.71,True
2026-10-07T18:48:57.993005+00:00,NRF,2.76,True
2026-10-07T18:48:57.994049+00:00,AMF,2.33,True
2026-10-07T18:48:57.995007+00:00,SMF,4.33,True
2026-10-07T18:48:57.996007+00:00,UPF,2.51,True
2026-10-07T18:48:57.997006+00:00,PCF,2.21,True
2026-10-07T18:48:57.997006+00:00,UDM,4.33,True
2026-10-07T18:49:03.673041+00:00,NRF,0.92,True
2026-10-07T18:49:03.674047+00:00,AMF,2.82,True
2026-10-07T18:49:03.675044+00:00,SMF,1.14,True
2026-10-07T18:49:03.676042+00:00,UPF,1.52,True
2026-10-07T18:49:03.677080+00:00,NRF,1.95,True
2026-10-07T18:49:03.677080+00:00,AMF,4.5,True
2026-10-07T18:49:03.678044+00:00,SMF,3.65,True
2026-10-07T18:49:03.678044+00:00,UPF,4.88,True
2026-10-07T18:49:03.679042+00:00,PCF,3.65,True
2026-10-07T18:49:03.679042+00:00,UDM,4.37,True
2026-10-07T18:49:10.006836+00:00,NRF,17.381,False
2026-10-07T18:49:10.014783+00:00,AMF,6.18,False
2026-10-07T18:49:12.052822+00:00,SMF,2036.634,False
2026-10-07T18:49:14.097508+00:00,UPF,2043.02,False
2026-10-07T18:49:14.104883+00:00,NRF,5.719,False
2026-10-07T18:49:14.111438+00:00,AMF,5.209,False
2026-10-07T18:49:16.163886+00:00,SMF,2050.595,False
2026-10-07T18:49:18.188445+00:00,UPF,2023.257,False
2026-10-07T18:49:19.263492+00:00,NRF,1.77,True
2026-10-07T18:49:19.266490+00:00,AMF,1.47,True
2026-10-07T18:49:19.270041+00:00,SMF,2.24,True
2026-10-07T18:49:19.273045+00:00,UPF,1.08,True
2026-10-07T18:49:19.274219+00:00,NRF,2.99,True
2026-10-07T18:49:19.275201+00:00,AMF,4.17,True
2026-10-07T18:49:19.276198+00:00,SMF,3.55,True
2026-10-07T18:49:19.277203+00:00,UPF,2.75,True
2026-10-07T18:49:19.278197+00:00,PCF,2.15,True
2026-10-07T18:49:19.279199+00:00,UDM,2.22,True
2026-10-07T18:49:20.215975+00:00,PCF,2026.173,False
2026-10-07T18:49:20.217171+00:00,UDM,2.13,True
2026-10-07T18:49:25.325737+00:00,NRF,1.23,True
2026-10-07T18:49:25.326737+00:00,AMF,1.8,True
2026-10-07T18:49:25.328253+00:00,SMF,2.52,True
2026-10-07T18:49:25.330269+00:00,UPF,2.0,True
2026-10-07T18:49:25.330780+00:00,NRF,4.48,True
2026-10-07T18:49:25.333908+00:00,AMF,1.41,True
2026-10-07T18:49:25.337043+00:00,SMF,3.92,True
2026-10-07T18:49:25.338044+00:00,UPF,1.51,True
2026-10-07T18:49:25.340050+00:00,PCF,1.0,True
2026-10-07T18:49:25.342050+00:00,UDM,1.84,True
2026-10-07T18:49:31.083640+00:00,NRF,1.9,True
2026-10-07T18:49:31.084637+00:00,AMF,0.53,True
2026-10-07T18:49:31.085642+00:00,SMF,0.89,True
2026-10-07T18:49:31.087651+00:00,UPF,1.95,True
2026-10-07T18:49:31.087651+00:00,NRF,3.4,True
2026-10-07T18:49:31.088641+00:00,AMF,4.84,True
2026-10-07T18:49:31.089642+00:00,SMF,3.82,True
2026-10-07T18:49:31.089642+00:00,UPF,2.43,True
2026-10-07T18:49:31.090641+00:00,PCF,0.65,True
2026-10-07T18:49:31.091641+00:00,UDM,0.64,True
2026-10-07T18:49:36.664306+00:00,NRF,0.75,True
2026-10-07T18:49:36.665309+00:00,AMF,1.75,True
2026-10-07T18:49:36.667306+00:00,SMF,2.05,True
2026-10-07T18:49:36.669305+00:00,UPF,1.37,True
2026-10-07T18:49:36.670306+00:00,NRF,3.09,True
2026-10-07T18:49:36.670306+00:00,AMF,1.86,True
2026-10-07T18:49:36.671305+00:00,SMF,0.72,True
2026-10-07T18:49:36.671305+00:00,UPF,3.55,True
2026-10-07T18:49:36.672823+00:00,PCF,4.04,True
2026-10-07T18:49:36.673345+00:00,UDM,2.65,True
2026-10-07T18:49:42.392803+00:00,NRF,1.47,True
2026-10-07T18:49:42.396801+00:00,AMF,2.2,True
2026-10-07T18:49:42.397803+00:00,SMF,2.66,True
2026-10-07T18:49:42.398802+00:00,UPF,1.77,True
2026-10-07T18:49:42.399800+00:00,NRF,1.45,True
2026-10-07T18:49:42.400801+00:00,AMF,3.35,True
2026-10-07T18:49:42.401806+00:00,SMF,1.06,True
2026-10-07T18:49:42.402810+00:00,UPF,2.36,True
2026-10-07T18:49:42.402810+00:00,PCF,3.88,True
2026-10-07T18:49:42.403802+00:00,UDM,1.1,True
2026-10-07T18:49:48.298195+00:00,NRF,1.98,True
2026-10-07T18:49:48.304144+00:00,AMF,2.57,True
2026-10-07T18:49:48.307239+00:00,SMF,1.06,True
2026-10-07T18:49:48.309826+00:00,UPF,1.28,True
2026-10-07T18:49:48.312248+00:00,NRF,1.19,True
2026-10-07T18:49:48.314389+00:00,AMF,2.88,True
2026-10-07T18:49:48.315422+00:00,SMF,0.93,True
2026-10-07T18:49:48.317390+00:00,UPF,2.82,True
2026-10-07T18:49:48.318391+00:00,PCF,4.89,True
2026-10-07T18:49:48.319390+00:00,UDM,3.44,True
2026-10-07T18:49:54.194927+00:00,NRF,1.12,True
2026-10-07T18:49:54.196921+00:00,AMF,1.23,True
2026-10-07T18:49:54.199110+00:00,SMF,2.08,True
2026-10-07T18:49:54.200116+00:00,UPF,1.38,True
2026-10-07T18:49:54.201113+00:00,NRF,4.96,True
2026-10-07T18:49:54.202119+00:00,AMF,0.6,True
2026-10-07T18:49:54.203117+00:00,SMF,3.02,True
2026-10-07T18:49:54.203117+00:00,UPF,2.24,True
2026-10-07T18:49:54.204116+00:00,PCF,2.7,True
2026-10-07T18:49:54.205115+00:00,UDM,4.85,True
2026-10-07T18:50:00.087513+00:00,NRF,0.98,True
2026-10-07T18:50:00.089513+00:00,AMF,2.89,True
2026-10-07T18:50:00.093514+00:00,SMF,0.74,True
2026-10-07T18:50:00.095511+00:00,UPF,1.71,True
2026-10-07T18:50:00.096517+00:00,NRF,3.42,True
2026-10-07T18:50:00.097512+00:00,AMF,3.84,True
2026-10-07T18:50:00.098516+00:00,SMF,2.89,True
2026-10-07T18:50:00.099515+00:00,UPF,4.49,True
2026-10-07T18:50:00.101028+00:00,PCF,4.71,True
2026-10-07T18:50:00.102046+00:00,UDM,2.3,True
2026-10-07T18:50:05.848946+00:00,NRF,1.53,True
2026-10-07T18:50:05.852126+00:00,AMF,1.13,True
2026-10-07T18:50:05.853792+00:00,SMF,0.81,True
2026-10-07T18:50:05.861400+00:00,UPF,1.49,True
2026-10-07T18:50:05.865504+00:00,NRF,2.62,True
2026-10-07T18:50:05.867614+00:00,AMF,1.82,True
2026-10-07T18:50:05.869732+00:00,SMF,1.69,True
2026-10-07T18:50:05.871269+00:00,UPF,2.2,True
2026-10-07T18:50:05.872798+00:00,PCF,3.15,True
2026-10-07T18:50:05.874477+00:00,UDM,2.73,True
2026-10-07T18:50:11.602742+00:00,NRF,1.02,True
2026-10-07T18:50:11.604745+00:00,AMF,2.48,True
2026-10-07T18:50:11.606811+00:00,SMF,2.89,True
2026-10-07T18:50:11.609177+00:00,UPF,0.93,True
2026-10-07T18:50:11.610237+00:00,NRF,2.14,True
2026-10-07T18:50:11.612239+00:00,AMF,2.5,True
2026-10-07T18:50:11.613242+00:00,SMF,0.86,True
2026-10-07T18:50:11.614243+00:00,UPF,4.93,True
2026-10-07T18:50:11.615240+00:00,PCF,2.37,True
2026-10-07T18:50:11.616235+00:00,UDM,2.01,True
2026-10-07T18:50:12.832419+00:00,NRF,0.9,True
2026-10-07T18:50:12.833414+00:00,AMF,2.97,True
2026-10-07T18:50:12.835419+00:00,SMF,2.46,True
2026-10-07T18:50:12.837414+00:00,UPF,1.22,True
2026-10-07T18:50:12.837414+00:00,NRF,3.75,True
2026-10-07T18:50:12.839414+00:00,AMF,1.19,True
2026-10-07T18:50:12.840415+00:00,SMF,1.07,True
2026-10-07T18:50:12.841417+00:00,UPF,2.4,True
2026-10-07T18:50:12.843443+00:00,PCF,3.81,True
2026-10-07T18:50:12.843443+00:00,UDM,0.95,True
2026-10-07T18:50:18.596427+00:00,NRF,0.86,True
2026-10-07T18:50:18.598429+00:00,AMF,0.74,True
2026-10-07T18:50:18.601429+00:00,SMF,0.83,True
2026-10-07T18:50:18.603429+00:00,UPF,0.68,True
2026-10-07T18:50:18.604427+00:00,NRF,4.19,True
2026-10-07T18:50:18.606427+00:00,AMF,3.32,True
2026-10-07T18:50:18.607426+00:00,SMF,1.37,True
2026-10-07T18:50:18.609305+00:00,UPF,4.53,True
2026-10-07T18:50:18.610302+00:00,PCF,2.86,True
2026-10-07T18:50:18.612306+00:00,UDM,2.66,True
2026-10-07T18:50:24.402208+00:00,NRF,0.72,True
2026-10-07T18:50:24.404209+00:00,AMF,1.9,True
2026-10-07T18:50:24.406207+00:00,SMF,2.88,True
2026-10-07T18:50:24.408207+00:00,UPF,1.97,True
2026-10-07T18:50:24.410210+00:00,NRF,2.07,True
2026-10-07T18:50:24.411213+00:00,AMF,1.5,True
2026-10-07T18:50:24.412205+00:00,SMF,3.54,True
2026-10-07T18:50:24.413208+00:00,UPF,3.48,True
2026-10-07T18:50:24.414221+00:00,PCF,3.99,True
2026-10-07T18:50:24.414221+00:00,UDM,2.59,True
2026-10-07T18:50:30.006628+00:00,NRF,1.91,True
2026-10-07T18:50:30.007688+00:00,AMF,1.72,True
2026-10-07T18:50:30.009689+00:00,SMF,2.65,True
2026-10-07T18:50:30.010693+00:00,UPF,1.41,True
2026-10-07T18:50:30.011692+00:00,NRF,4.23,True
2026-10-07T18:50:30.012706+00:00,AMF,4.77,True
2026-10-07T18:50:30.012706+00:00,SMF,2.49,True
2026-10-07T18:50:30.013702+00:00,UPF,2.75,True
2026-10-07T18:50:30.014706+00:00,PCF,1.3,True
2026-10-07T18:50:30.014706+00:00,UDM,2.03,True
2026-10-07T18:50:35.709503+00:00,NRF,0.63,True
2026-10-07T18:50:35.710483+00:00,AMF,2.59,True
2026-10-07T18:50:35.711484+00:00,SMF,2.21,True
2026-10-07T18:50:35.712485+00:00,UPF,0.54,True
2026-10-07T18:50:35.713555+00:00,NRF,1.33,True
2026-10-07T18:50:35.713555+00:00,AMF,3.07,True
2026-10-07T18:50:35.714554+00:00,SMF,1.81,True
2026-10-07T18:50:35.714554+00:00,UPF,1.75,True
2026-10-07T18:50:35.715554+00:00,PCF,0.6,True
2026-10-07T18:50:35.715554+00:00,UDM,4.34,True
2026-10-07T18:50:41.273854+00:00,NRF,1.21,True
2026-10-07T18:50:41.275847+00:00,AMF,1.39,True
2026-10-07T18:50:41.276845+00:00,SMF,2.91,True
2026-10-07T18:50:41.277882+00:00,UPF,1.07,True
2026-10-07T18:50:41.277882+00:00,NRF,3.61,True
2026-10-07T18:50:41.278845+00:00,AMF,0.55,True
2026-10-07T18:50:41.278845+00:00,SMF,4.77,True
2026-10-07T18:50:41.279845+00:00,UPF,2.86,True
2026-10-07T18:50:41.279845+00:00,PCF,4.49,True
2026-10-07T18:50:41.280881+00:00,UDM,3.86,True
2026-10-07T18:50:46.782693+00:00,NRF,0.78,True
2026-10-07T18:50:46.784201+00:00,AMF,2.24,True
2026-10-07T18:50:46.784779+00:00,SMF,0.54,True
2026-10-07T18:50:46.786787+00:00,UPF,1.08,True
2026-10-07T18:50:46.787689+00:00,NRF,1.88,True
2026-10-07T18:50:46.787689+00:00,AMF,2.31,True
2026-10-07T18:50:46.788767+00:00,SMF,4.91,True
2026-10-07T18:50:46.788767+00:00,UPF,4.12,True
2026-10-07T18:50:46.788767+00:00,PCF,1.35,True
2026-10-07T18:50:46.789813+00:00,UDM,1.87,True
2026-10-07T18:50:52.427422+00:00,NRF,1.65,True
2026-10-07T18:50:52.427422+00:00,AMF,2.86,True
2026-10-07T18:50:52.428930+00:00,SMF,1.36,True
2026-10-07T18:50:52.429504+00:00,UPF,1.64,True
2026-10-07T18:50:52.430517+00:00,NRF,3.2,True
2026-10-07T18:50:52.430517+00:00,AMF,0.88,True
2026-10-07T18:50:52.431514+00:00,SMF,3.99,True
2026-10-07T18:50:52.431514+00:00,UPF,4.37,True
2026-10-07T18:50:52.433020+00:00,PCF,4.77,True
2026-10-07T18:50:52.433020+00:00,UDM,0.72,True
2026-10-07T18:50:57.937460+00:00,NRF,1.37,True
2026-10-07T18:50:57.939137+00:00,AMF,1.63,True
2026-10-07T18:50:57.941394+00:00,SMF,1.82,True
2026-10-07T18:50:57.942526+00:00,UPF,1.52,True
2026-10-07T18:50:57.944189+00:00,NRF,1.31,True
2026-10-07T18:50:57.944764+00:00,AMF,1.07,True
2026-10-07T18:50:57.945342+00:00,SMF,3.99,True
2026-10-07T18:50:57.946355+00:00,UPF,1.79,True
2026-10-07T18:50:57.948227+00:00,PCF,1.68,True
2026-10-07T18:50:57.948227+00:00,UDM,2.4,True
2026-10-07T18:51:03.697478+00:00,NRF,1.84,True
2026-10-07T18:51:03.699088+00:00,AMF,2.8,True
2026-10-07T18:51:03.700099+00:00,SMF,0.63,True
2026-10-07T18:51:03.701097+00:00,UPF,0.91,True
2026-10-07T18:51:03.701097+00:00,NRF,3.94,True
2026-10-07T18:51:03.702101+00:00,AMF,4.03,True
2026-10-07T18:51:03.702101+00:00,SMF,1.17,True
2026-10-07T18:51:03.703162+00:00,UPF,2.83,True
2026-10-07T18:51:03.703162+00:00,PCF,3.77,True
2026-10-07T18:51:03.704162+00:00,UDM,2.11,True
2026-10-07T18:51:09.178400+00:00,NRF,1.6,True
2026-10-07T18:51:09.180100+00:00,AMF,2.65,True
2026-10-07T18:51:09.181685+00:00,SMF,2.1,True
2026-10-07T18:51:09.182696+00:00,UPF,1.29,True
2026-10-07T18:51:09.182696+00:00,NRF,4.76,True
2026-10-07T18:51:09.184269+00:00,AMF,1.34,True
2026-10-07T18:51:09.184821+00:00,SMF,1.17,True
2026-10-07T18:51:09.185936+00:00,UPF,2.86,True
2026-10-07T18:51:09.185936+00:00,PCF,1.8,True
2026-10-07T18:51:09.186939+00:00,UDM,3.85,True
2026-10-07T18:51:14.789416+00:00,NRF,1.41,True
2026-10-07T18:51:14.792432+00:00,AMF,1.47,True
2026-10-07T18:51:14.793443+00:00,SMF,1.99,True
2026-10-07T18:51:14.795436+00:00,UPF,1.24,True
2026-10-07T18:51:14.797435+00:00,NRF,0.72,True
2026-10-07T18:51:14.798951+00:00,AMF,1.35,True
2026-10-07T18:51:14.800970+00:00,SMF,1.63,True
2026-10-07T18:51:14.801980+00:00,UPF,0.66,True
2026-10-07T18:51:14.802969+00:00,PCF,1.57,True
2026-10-07T18:51:14.804974+00:00,UDM,4.96,True
2026-10-07T18:51:20.755248+00:00,NRF,1.31,True
2026-10-07T18:51:20.758284+00:00,AMF,2.18,True
2026-10-07T18:51:20.760287+00:00,SMF,2.85,True
2026-10-07T18:51:20.761285+00:00,UPF,1.59,True
2026-10-07T18:51:20.763286+00:00,NRF,1.13,True
2026-10-07T18:51:20.764803+00:00,AMF,0.68,True
2026-10-07T18:51:20.765826+00:00,SMF,4.9,True
2026-10-07T18:51:20.767889+00:00,UPF,3.32,True
2026-10-07T18:51:20.768888+00:00,PCF,2.0,True
2026-10-07T18:51:20.770890+00:00,UDM,2.94,True
2026-10-07T18:51:27.083977+00:00,NRF,0.61,True
2026-10-07T18:51:27.084977+00:00,AMF,2.05,True
2026-10-07T18:51:27.085978+00:00,SMF,2.36,True
2026-10-07T18:51:27.086992+00:00,UPF,1.62,True
2026-10-07T18:51:27.087977+00:00,NRF,3.18,True
2026-10-07T18:51:27.087977+00:00,AMF,3.06,True
2026-10-07T18:51:27.088977+00:00,SMF,2.52,True
2026-10-07T18:51:27.089977+00:00,UPF,2.18,True
2026-10-07T18:51:27.089977+00:00,PCF,3.88,True
2026-10-07T18:51:27.090978+00:00,UDM,4.24,True
2026-10-07T18:51:32.901127+00:00,NRF,1.92,True
2026-10-07T18:51:32.903092+00:00,AMF,2.35,True
2026-10-07T18:51:32.903092+00:00,SMF,1.11,True
2026-10-07T18:51:32.904093+00:00,UPF,1.35,True
2026-10-07T18:51:32.905126+00:00,NRF,1.19,True
2026-10-07T18:51:32.905126+00:00,AMF,3.77,True
2026-10-07T18:51:32.906132+00:00,SMF,3.86,True
2026-10-07T18:51:32.906132+00:00,UPF,1.11,True
2026-10-07T18:51:32.907133+00:00,PCF,3.24,True
2026-10-07T18:51:32.907133+00:00,UDM,3.27,True
2026-10-07T18:51:38.453698+00:00,NRF,0.73,True
2026-10-07T18:51:38.453698+00:00,AMF,2.51,True
2026-10-07T18:51:38.454896+00:00,SMF,1.94,True
2026-10-07T18:51:38.455893+00:00,UPF,0.82,True
2026-10-07T18:51:38.456895+00:00,NRF,4.95,True
2026-10-07T18:51:38.456895+00:00,AMF,4.47,True
2026-10-07T18:51:38.457893+00:00,SMF,1.32,True
2026-10-07T18:51:38.457893+00:00,UPF,0.77,True
2026-10-07T18:51:38.458893+00:00,PCF,4.8,True
2026-10-07T18:51:38.458893+00:00,UDM,1.28,True
2026-10-07T18:51:43.957483+00:00,NRF,1.27,True
2026-10-07T18:51:43.958457+00:00,AMF,2.35,True
2026-10-07T18:51:43.959454+00:00,SMF,2.26,True
2026-10-07T18:51:43.960453+00:00,UPF,1.55,True
2026-10-07T18:51:43.961453+00:00,NRF,1.35,True
2026-10-07T18:51:43.961453+00:00,AMF,1.1,True
2026-10-07T18:51:43.961453+00:00,SMF,4.31,True
2026-10-07T18:51:43.962455+00:00,UPF,2.58,True
2026-10-07T18:51:43.962455+00:00,PCF,1.95,True
2026-10-07T18:51:43.963409+00:00,UDM,1.53,True
2026-10-07T18:51:49.465359+00:00,NRF,0.68,True
2026-10-07T18:51:49.466328+00:00,AMF,0.81,True
2026-10-07T18:51:49.467326+00:00,SMF,1.82,True
2026-10-07T18:51:49.468330+00:00,UPF,1.23,True
2026-10-07T18:51:49.468330+00:00,NRF,4.65,True
2026-10-07T18:51:49.469331+00:00,AMF,2.22,True
2026-10-07T18:51:49.469331+00:00,SMF,3.07,True
2026-10-07T18:51:49.470329+00:00,UPF,1.19,True
2026-10-07T18:51:49.470329+00:00,PCF,4.22,True
2026-10-07T18:51:49.470329+00:00,UDM,2.06,True
2026-10-07T18:51:55.015080+00:00,NRF,0.8,True
2026-10-07T18:51:55.016079+00:00,AMF,2.57,True
2026-10-07T18:51:55.017079+00:00,SMF,1.62,True
2026-10-07T18:51:55.018080+00:00,UPF,1.79,True
2026-10-07T18:51:55.019081+00:00,NRF,4.33,True
2026-10-07T18:51:55.019081+00:00,AMF,3.31,True
2026-10-07T18:51:55.020078+00:00,SMF,1.24,True
2026-10-07T18:51:55.020078+00:00,UPF,3.66,True
2026-10-07T18:51:55.020078+00:00,PCF,4.92,True
2026-10-07T18:51:55.021586+00:00,UDM,1.07,True
2026-10-07T18:52:00.615308+00:00,NRF,0.97,True
2026-10-07T18:52:00.616311+00:00,AMF,2.69,True
2026-10-07T18:52:00.616311+00:00,SMF,2.7,True
2026-10-07T18:52:00.617314+00:00,UPF,1.47,True
2026-10-07T18:52:00.618311+00:00,NRF,2.74,True
2026-10-07T18:52:00.619312+00:00,AMF,4.18,True
2026-10-07T18:52:00.619312+00:00,SMF,4.95,True
2026-10-07T18:52:00.619312+00:00,UPF,3.83,True
2026-10-07T18:52:00.620312+00:00,PCF,4.23,True
2026-10-07T18:52:00.620312+00:00,UDM,0.94,True
2026-10-07T18:52:06.089884+00:00,NRF,1.5,True
2026-10-07T18:52:06.090881+00:00,AMF,0.63,True
2026-10-07T18:52:06.091888+00:00,SMF,2.22,True
2026-10-07T18:52:06.093658+00:00,UPF,0.91,True
2026-10-07T18:52:06.094230+00:00,NRF,2.52,True
2026-10-07T18:52:06.094774+00:00,AMF,0.95,True
2026-10-07T18:52:06.095322+00:00,SMF,3.28,True
2026-10-07T18:52:06.095867+00:00,UPF,4.84,True
2026-10-07T18:52:06.096408+00:00,PCF,1.42,True
2026-10-07T18:52:06.096950+00:00,UDM,3.99,True
2026-10-07T18:52:11.552465+00:00,NRF,1.33,True
2026-10-07T18:52:11.553481+00:00,AMF,2.39,True
2026-10-07T18:52:11.555201+00:00,SMF,1.71,True
2026-10-07T18:52:11.556218+00:00,UPF,0.76,True
2026-10-07T18:52:11.557215+00:00,NRF,0.66,True
2026-10-07T18:52:11.558218+00:00,AMF,2.92,True
2026-10-07T18:52:11.559211+00:00,SMF,2.93,True
2026-10-07T18:52:11.559875+00:00,UPF,0.7,True
2026-10-07T18:52:11.560450+00:00,PCF,1.74,True
2026-10-07T18:52:11.561462+00:00,UDM,4.18,True
2026-10-07T18:52:17.272528+00:00,NRF,2.0,True
2026-10-07T18:52:17.274253+00:00,AMF,1.87,True
2026-10-07T18:52:17.275437+00:00,SMF,2.27,True
2026-10-07T18:52:17.277147+00:00,UPF,1.76,True
2026-10-07T18:52:17.278310+00:00,NRF,0.86,True
2026-10-07T18:52:17.279531+00:00,AMF,1.12,True
2026-10-07T18:52:17.280099+00:00,SMF,1.34,True
2026-10-07T18:52:17.281212+00:00,UPF,3.96,True
2026-10-07T18:52:17.282340+00:00,PCF,4.96,True
2026-10-07T18:52:17.283487+00:00,UDM,3.23,True
2026-10-07T18:52:22.988243+00:00,NRF,1.69,True
2026-10-07T18:52:22.989242+00:00,AMF,1.53,True
2026-10-07T18:52:22.992354+00:00,SMF,2.14,True
2026-10-07T18:52:22.993426+00:00,UPF,1.59,True
2026-10-07T18:52:22.994440+00:00,NRF,0.85,True
2026-10-07T18:52:22.995438+00:00,AMF,4.17,True
2026-10-07T18:52:22.996443+00:00,SMF,1.4,True
2026-10-07T18:52:22.996443+00:00,UPF,1.53,True
2026-10-07T18:52:22.997445+00:00,PCF,3.37,True
2026-10-07T18:52:22.997445+00:00,UDM,0.56,True
2026-10-07T18:52:28.593009+00:00,NRF,0.53,True
2026-10-07T18:52:28.594008+00:00,AMF,1.9,True
2026-10-07T18:52:28.595014+00:00,SMF,1.05,True
2026-10-07T18:52:28.596009+00:00,UPF,1.16,True
2026-10-07T18:52:28.596009+00:00,NRF,2.98,True
2026-10-07T18:52:28.597049+00:00,AMF,1.03,True
2026-10-07T18:52:28.597049+00:00,SMF,4.06,True
2026-10-07T18:52:28.597049+00:00,UPF,4.63,True
2026-10-07T18:52:28.598009+00:00,PCF,3.77,True
2026-10-07T18:52:28.598009+00:00,UDM,1.79,True
2026-10-07T18:52:34.106894+00:00,NRF,0.93,True
2026-10-07T18:52:34.107972+00:00,AMF,2.4,True
2026-10-07T18:52:34.108975+00:00,SMF,2.64,True
2026-10-07T18:52:34.109975+00:00,UPF,0.62,True
2026-10-07T18:52:34.110977+00:00,NRF,0.94,True
2026-10-07T18:52:34.111976+00:00,AMF,2.51,True
2026-10-07T18:52:34.111976+00:00,SMF,1.3,True
2026-10-07T18:52:34.112976+00:00,UPF,2.59,True
2026-10-07T18:52:34.112976+00:00,PCF,0.75,True
2026-10-07T18:52:34.113975+00:00,UDM,1.12,True
2026-10-07T18:52:39.614935+00:00,NRF,1.47,True
2026-10-07T18:52:39.616941+00:00,AMF,2.58,True
2026-10-07T18:52:39.617935+00:00,SMF,2.68,True
2026-10-07T18:52:39.618935+00:00,UPF,1.52,True
2026-10-07T18:52:39.619937+00:00,NRF,1.99,True
2026-10-07T18:52:39.619937+00:00,AMF,1.68,True
2026-10-07T18:52:39.620930+00:00,SMF,4.04,True
2026-10-07T18:52:39.621929+00:00,UPF,3.42,True
2026-10-07T18:52:39.621929+00:00,PCF,2.05,True
2026-10-07T18:52:39.621929+00:00,UDM,4.9,True
2026-10-07T18:52:45.113528+00:00,NRF,1.97,True
2026-10-07T18:52:45.115540+00:00,AMF,1.85,True
2026-10-07T18:52:45.117539+00:00,SMF,2.96,True
2026-10-07T18:52:45.118542+00:00,UPF,1.34,True
2026-10-07T18:52:45.119555+00:00,NRF,3.31,True
2026-10-07T18:52:45.120545+00:00,AMF,4.56,True
2026-10-07T18:52:45.121542+00:00,SMF,2.88,True
2026-10-07T18:52:45.121542+00:00,UPF,3.12,True
2026-10-07T18:52:45.122541+00:00,PCF,1.14,True
2026-10-07T18:52:45.123541+00:00,UDM,3.15,True
2026-10-07T18:52:50.904616+00:00,NRF,0.9,True
2026-10-07T18:52:50.906125+00:00,AMF,2.27,True
2026-10-07T18:52:50.908137+00:00,SMF,1.56,True
2026-10-07T18:52:50.909137+00:00,UPF,0.75,True
2026-10-07T18:52:50.910137+00:00,NRF,2.02,True
2026-10-07T18:52:50.911135+00:00,AMF,1.91,True
2026-10-07T18:52:50.912137+00:00,SMF,3.91,True
2026-10-07T18:52:50.913135+00:00,UPF,2.22,True
2026-10-07T18:52:50.914152+00:00,PCF,2.89,True
2026-10-07T18:52:50.915140+00:00,UDM,2.91,True
2026-10-07T18:52:56.417024+00:00,NRF,1.62,True
2026-10-07T18:52:56.418023+00:00,AMF,2.06,True
2026-10-07T18:52:56.419025+00:00,SMF,0.83,True
2026-10-07T18:52:56.420028+00:00,UPF,0.55,True
2026-10-07T18:52:56.420569+00:00,NRF,3.9,True
2026-10-07T18:52:56.420569+00:00,AMF,4.52,True
2026-10-07T18:52:56.421635+00:00,SMF,4.07,True
2026-10-07T18:52:56.421635+00:00,UPF,3.64,True
2026-10-07T18:52:56.421635+00:00,PCF,2.87,True
2026-10-07T18:52:56.422656+00:00,UDM,3.88,True
2026-10-07T18:53:01.900336+00:00,NRF,1.18,True
2026-10-07T18:53:01.900336+00:00,AMF,1.65,True
2026-10-07T18:53:01.902336+00:00,SMF,1.96,True
2026-10-07T18:53:01.903199+00:00,UPF,1.74,True
2026-10-07T18:53:01.904300+00:00,NRF,1.9,True
2026-10-07T18:53:01.905319+00:00,AMF,4.06,True
2026-10-07T18:53:01.905319+00:00,SMF,1.32,True
2026-10-07T18:53:01.906300+00:00,UPF,1.37,True
2026-10-07T18:53:01.906300+00:00,PCF,2.99,True
2026-10-07T18:53:01.907302+00:00,UDM,0.85,True
2026-10-07T18:53:07.362402+00:00,NRF,1.65,True
2026-10-07T18:53:07.363404+00:00,AMF,2.38,True
2026-10-07T18:53:07.364400+00:00,SMF,1.39,True
2026-10-07T18:53:07.365399+00:00,UPF,1.83,True
2026-10-07T18:53:07.365399+00:00,NRF,2.83,True
2026-10-07T18:53:07.366402+00:00,AMF,3.17,True
2026-10-07T18:53:07.366402+00:00,SMF,1.62,True
2026-10-07T18:53:07.366402+00:00,UPF,3.83,True
2026-10-07T18:53:07.367406+00:00,PCF,3.62,True
2026-10-07T18:53:07.367406+00:00,UDM,1.14,True
2026-10-07T18:53:12.859834+00:00,NRF,1.5,True
2026-10-07T18:53:12.860832+00:00,AMF,2.71,True
2026-10-07T18:53:12.861828+00:00,SMF,1.4,True
2026-10-07T18:53:12.863337+00:00,UPF,1.67,True
2026-10-07T18:53:12.864353+00:00,NRF,2.77,True
2026-10-07T18:53:12.864353+00:00,AMF,2.72,True
2026-10-07T18:53:12.865346+00:00,SMF,0.81,True
2026-10-07T18:53:12.865346+00:00,UPF,0.59,True
2026-10-07T18:53:12.866347+00:00,PCF,1.64,True
2026-10-07T18:53:12.866347+00:00,UDM,4.36,True
2026-10-07T18:53:18.340408+00:00,NRF,1.9,True
2026-10-07T18:53:18.342409+00:00,AMF,1.56,True
2026-10-07T18:53:18.342409+00:00,SMF,0.87,True
2026-10-07T18:53:18.343990+00:00,UPF,1.3,True
2026-10-07T18:53:18.343990+00:00,NRF,2.87,True
2026-10-07T18:53:18.343990+00:00,AMF,2.33,True
2026-10-07T18:53:18.345520+00:00,SMF,4.52,True
2026-10-07T18:53:18.345520+00:00,UPF,0.64,True
2026-10-07T18:53:18.346536+00:00,PCF,3.96,True
2026-10-07T18:53:18.346536+00:00,UDM,3.37,True
2026-10-07T18:53:23.871005+00:00,NRF,0.88,True
2026-10-07T18:53:23.871005+00:00,AMF,1.87,True
2026-10-07T18:53:23.872001+00:00,SMF,2.68,True
2026-10-07T18:53:23.873001+00:00,UPF,1.49,True
2026-10-07T18:53:23.874007+00:00,NRF,1.06,True
2026-10-07T18:53:23.874999+00:00,AMF,3.7,True
2026-10-07T18:53:23.874999+00:00,SMF,1.47,True
2026-10-07T18:53:23.876004+00:00,UPF,3.75,True
2026-10-07T18:53:23.876004+00:00,PCF,4.54,True
2026-10-07T18:53:23.877000+00:00,UDM,4.14,True
2026-10-07T18:53:29.355108+00:00,NRF,1.31,True
2026-10-07T18:53:29.355108+00:00,AMF,1.26,True
2026-10-07T18:53:29.357110+00:00,SMF,1.7,True
2026-10-07T18:53:29.358109+00:00,UPF,1.16,True
2026-10-07T18:53:29.359108+00:00,NRF,1.1,True
2026-10-07T18:53:29.360110+00:00,AMF,2.82,True
2026-10-07T18:53:29.361110+00:00,SMF,2.37,True
2026-10-07T18:53:29.361110+00:00,UPF,4.97,True
2026-10-07T18:53:29.362110+00:00,PCF,4.27,True
2026-10-07T18:53:29.363111+00:00,UDM,4.9,True
2026-10-07T18:53:34.969565+00:00,NRF,1.13,True
2026-10-07T18:53:34.970602+00:00,AMF,2.24,True
2026-10-07T18:53:34.971568+00:00,SMF,1.72,True
2026-10-07T18:53:34.972565+00:00,UPF,1.35,True
2026-10-07T18:53:34.973570+00:00,NRF,1.24,True
2026-10-07T18:53:34.973570+00:00,AMF,1.21,True
2026-10-07T18:53:34.973570+00:00,SMF,1.48,True
2026-10-07T18:53:34.973570+00:00,UPF,2.76,True
2026-10-07T18:53:34.975075+00:00,PCF,2.33,True
2026-10-07T18:53:34.975075+00:00,UDM,3.1,True
2026-10-07T18:53:40.434732+00:00,NRF,1.33,True
2026-10-07T18:53:40.435725+00:00,AMF,2.89,True
2026-10-07T18:53:40.436728+00:00,SMF,0.72,True
2026-10-07T18:53:40.437731+00:00,UPF,1.61,True
2026-10-07T18:53:40.438726+00:00,NRF,1.55,True
2026-10-07T18:53:40.438726+00:00,AMF,1.41,True
2026-10-07T18:53:40.438726+00:00,SMF,4.73,True
2026-10-07T18:53:40.440147+00:00,UPF,0.54,True
2026-10-07T18:53:40.440745+00:00,PCF,3.11,True
2026-10-07T18:53:40.440745+00:00,UDM,2.03,True
2026-10-07T18:53:45.967764+00:00,NRF,1.88,True
2026-10-07T18:53:45.968760+00:00,AMF,2.88,True
2026-10-07T18:53:45.970762+00:00,SMF,1.44,True
2026-10-07T18:53:45.971762+00:00,UPF,1.62,True
2026-10-07T18:53:45.972801+00:00,NRF,2.12,True
2026-10-07T18:53:45.972801+00:00,AMF,3.6,True
2026-10-07T18:53:45.972801+00:00,SMF,1.55,True
2026-10-07T18:53:45.974310+00:00,UPF,4.02,True
2026-10-07T18:53:45.974310+00:00,PCF,3.11,True
2026-10-07T18:53:45.975967+00:00,UDM,2.66,True
2026-10-07T18:53:51.494359+00:00,NRF,1.46,True
2026-10-07T18:53:51.495363+00:00,AMF,1.04,True
2026-10-07T18:53:51.497363+00:00,SMF,1.16,True
2026-10-07T18:53:51.498361+00:00,UPF,0.52,True
2026-10-07T18:53:51.499359+00:00,NRF,2.85,True
2026-10-07T18:53:51.499359+00:00,AMF,4.08,True
2026-10-07T18:53:51.499359+00:00,SMF,1.67,True
2026-10-07T18:53:51.500358+00:00,UPF,3.49,True
2026-10-07T18:53:51.500358+00:00,PCF,3.44,True
2026-10-07T18:53:51.501362+00:00,UDM,2.91,True
2026-10-07T18:53:57.041480+00:00,NRF,0.5,True
2026-10-07T18:53:57.042452+00:00,AMF,0.56,True
2026-10-07T18:53:57.044452+00:00,SMF,2.94,True
2026-10-07T18:53:57.044452+00:00,UPF,1.94,True
2026-10-07T18:53:57.045919+00:00,NRF,1.26,True
2026-10-07T18:53:57.045919+00:00,AMF,4.54,True
2026-10-07T18:53:57.045919+00:00,SMF,4.21,True
2026-10-07T18:53:57.046988+00:00,UPF,0.95,True
2026-10-07T18:53:57.046988+00:00,PCF,3.94,True
2026-10-07T18:53:57.047988+00:00,UDM,1.79,True
2026-10-07T18:54:02.625778+00:00,NRF,1.27,True
2026-10-07T18:54:02.626741+00:00,AMF,2.67,True
2026-10-07T18:54:02.627744+00:00,SMF,0.64,True
2026-10-07T18:54:02.629295+00:00,UPF,1.71,True
2026-10-07T18:54:02.629295+00:00,NRF,1.14,True
2026-10-07T18:54:02.630305+00:00,AMF,1.15,True
2026-10-07T18:54:02.630305+00:00,SMF,1.21,True
2026-10-07T18:54:02.631306+00:00,UPF,2.61,True
2026-10-07T18:54:02.631306+00:00,PCF,0.95,True
2026-10-07T18:54:02.632305+00:00,UDM,3.71,True
2026-10-07T18:54:08.144792+00:00,NRF,1.07,True
2026-10-07T18:54:08.146470+00:00,AMF,2.81,True
2026-10-07T18:54:08.148165+00:00,SMF,1.17,True
2026-10-07T18:54:08.149780+00:00,UPF,1.28,True
2026-10-07T18:54:08.150915+00:00,NRF,2.88,True
2026-10-07T18:54:08.151447+00:00,AMF,2.5,True
2026-10-07T18:54:08.152019+00:00,SMF,0.81,True
2026-10-07T18:54:08.153137+00:00,UPF,4.07,True
2026-10-07T18:54:08.153733+00:00,PCF,0.78,True
2026-10-07T18:54:08.154825+00:00,UDM,3.92,True
2026-10-07T18:54:13.678226+00:00,NRF,1.98,True
2026-10-07T18:54:13.679222+00:00,AMF,1.81,True
2026-10-07T18:54:13.679222+00:00,SMF,0.51,True
2026-10-07T18:54:13.680186+00:00,UPF,1.3,True
2026-10-07T18:54:13.681187+00:00,NRF,0.83,True
2026-10-07T18:54:13.682186+00:00,AMF,3.82,True
2026-10-07T18:54:13.683194+00:00,SMF,4.42,True
2026-10-07T18:54:13.683194+00:00,UPF,3.23,True
2026-10-07T18:54:13.684193+00:00,PCF,3.04,True
2026-10-07T18:54:13.684193+00:00,UDM,1.92,True
2026-10-07T18:54:19.262650+00:00,NRF,0.99,True
2026-10-07T18:54:19.263173+00:00,AMF,0.95,True
2026-10-07T18:54:19.263700+00:00,SMF,1.62,True
2026-10-07T18:54:19.264714+00:00,UPF,1.09,True
2026-10-07T18:54:19.265709+00:00,NRF,1.18,True
2026-10-07T18:54:19.266710+00:00,AMF,2.72,True
2026-10-07T18:54:19.266710+00:00,SMF,0.98,True
2026-10-07T18:54:19.267739+00:00,UPF,4.26,True
2026-10-07T18:54:19.267739+00:00,PCF,3.96,True
2026-10-07T18:54:19.267739+00:00,UDM,3.23,True
2026-10-07T18:54:24.893299+00:00,NRF,1.22,True
2026-10-07T18:54:24.894262+00:00,AMF,0.65,True
2026-10-07T18:54:24.894262+00:00,SMF,2.25,True
2026-10-07T18:54:24.895263+00:00,UPF,0.96,True
2026-10-07T18:54:24.896261+00:00,NRF,1.42,True
2026-10-07T18:54:24.897263+00:00,AMF,0.82,True
2026-10-07T18:54:24.897263+00:00,SMF,0.69,True
2026-10-07T18:54:24.898263+00:00,UPF,3.35,True
2026-10-07T18:54:24.898263+00:00,PCF,1.04,True
2026-10-07T18:54:24.898263+00:00,UDM,2.84,True
2026-10-07T18:54:30.451464+00:00,NRF,1.24,True
2026-10-07T18:54:30.453746+00:00,AMF,2.86,True
2026-10-07T18:54:30.455491+00:00,SMF,2.87,True
2026-10-07T18:54:30.458341+00:00,UPF,1.97,True
2026-10-07T18:54:30.460491+00:00,NRF,2.56,True
2026-10-07T18:54:30.461310+00:00,AMF,1.68,True
2026-10-07T18:54:30.462332+00:00,SMF,1.93,True
2026-10-07T18:54:30.463342+00:00,UPF,0.87,True
2026-10-07T18:54:30.464934+00:00,PCF,1.84,True
2026-10-07T18:54:30.466061+00:00,UDM,4.07,True
2026-10-07T18:54:36.205494+00:00,NRF,1.09,True
2026-10-07T18:54:36.206495+00:00,AMF,2.02,True
2026-10-07T18:54:36.207432+00:00,SMF,2.97,True
2026-10-07T18:54:36.208514+00:00,UPF,0.51,True
2026-10-07T18:54:36.208514+00:00,NRF,2.23,True
2026-10-07T18:54:36.209509+00:00,AMF,0.52,True
2026-10-07T18:54:36.209509+00:00,SMF,1.37,True
2026-10-07T18:54:36.209509+00:00,UPF,4.67,True
2026-10-07T18:54:36.210520+00:00,PCF,3.08,True
2026-10-07T18:54:36.210520+00:00,UDM,4.73,True
2026-10-07T18:54:41.742804+00:00,NRF,0.68,True
2026-10-07T18:54:41.743806+00:00,AMF,1.36,True
2026-10-07T18:54:41.745822+00:00,SMF,1.72,True
2026-10-07T18:54:41.747805+00:00,UPF,0.77,True
2026-10-07T18:54:41.749810+00:00,NRF,2.45,True
2026-10-07T18:54:41.750804+00:00,AMF,3.17,True
2026-10-07T18:54:41.751808+00:00,SMF,0.53,True
2026-10-07T18:54:41.752801+00:00,UPF,3.3,True
2026-10-07T18:54:41.753806+00:00,PCF,0.7,True
2026-10-07T18:54:41.754806+00:00,UDM,1.72,True
2026-10-07T18:54:47.390530+00:00,NRF,0.54,True
2026-10-07T18:54:47.391528+00:00,AMF,2.26,True
2026-10-07T18:54:47.392531+00:00,SMF,1.81,True
2026-10-07T18:54:47.393534+00:00,UPF,1.62,True
2026-10-07T18:54:47.394530+00:00,NRF,3.89,True
2026-10-07T18:54:47.394530+00:00,AMF,4.75,True
2026-10-07T18:54:47.395540+00:00,SMF,4.12,True
2026-10-07T18:54:47.395540+00:00,UPF,4.19,True
2026-10-07T18:54:47.396528+00:00,PCF,1.87,True
2026-10-07T18:54:47.396528+00:00,UDM,2.93,True
2026-10-07T18:54:53.012676+00:00,NRF,0.51,True
2026-10-07T18:54:53.013677+00:00,AMF,2.4,True
2026-10-07T18:54:53.014678+00:00,SMF,2.15,True
2026-10-07T18:54:53.015677+00:00,UPF,0.53,True
2026-10-07T18:54:53.015677+00:00,NRF,0.88,True
2026-10-07T18:54:53.016679+00:00,AMF,4.17,True
2026-10-07T18:54:53.016679+00:00,SMF,3.81,True
2026-10-07T18:54:53.016679+00:00,UPF,3.26,True
2026-10-07T18:54:53.017680+00:00,PCF,4.12,True
2026-10-07T18:54:53.017680+00:00,UDM,1.25,True
2026-10-07T18:54:58.627214+00:00,NRF,1.81,True
2026-10-07T18:54:58.628212+00:00,AMF,2.05,True
2026-10-07T18:54:58.629211+00:00,SMF,0.75,True
2026-10-07T18:54:58.631214+00:00,UPF,0.77,True
2026-10-07T18:54:58.631214+00:00,NRF,1.83,True
2026-10-07T18:54:58.632214+00:00,AMF,1.45,True
2026-10-07T18:54:58.633216+00:00,SMF,1.63,True
2026-10-07T18:54:58.633216+00:00,UPF,4.38,True
2026-10-07T18:54:58.634211+00:00,PCF,5.0,True
2026-10-07T18:54:58.634211+00:00,UDM,4.52,True
2026-10-07T18:55:04.252361+00:00,NRF,1.89,True
2026-10-07T18:55:04.253375+00:00,AMF,1.02,True
2026-10-07T18:55:04.254369+00:00,SMF,1.77,True
2026-10-07T18:55:04.256371+00:00,UPF,1.67,True
2026-10-07T18:55:04.256371+00:00,NRF,3.84,True
2026-10-07T18:55:04.257373+00:00,AMF,2.63,True
2026-10-07T18:55:04.257373+00:00,SMF,4.2,True
2026-10-07T18:55:04.258373+00:00,UPF,2.44,True
2026-10-07T18:55:04.258373+00:00,PCF,2.55,True
2026-10-07T18:55:04.258373+00:00,UDM,2.02,True
2026-10-07T18:55:09.713506+00:00,NRF,1.76,True
2026-10-07T18:55:09.715509+00:00,AMF,1.81,True
2026-10-07T18:55:09.716504+00:00,SMF,1.07,True
2026-10-07T18:55:09.717068+00:00,UPF,1.0,True
2026-10-07T18:55:09.718114+00:00,NRF,1.26,True
2026-10-07T18:55:09.718114+00:00,AMF,4.71,True
2026-10-07T18:55:09.719079+00:00,SMF,4.97,True
2026-10-07T18:55:09.719079+00:00,UPF,0.84,True
2026-10-07T18:55:09.720078+00:00,PCF,1.35,True
2026-10-07T18:55:09.720078+00:00,UDM,3.9,True
2026-10-07T18:55:15.416441+00:00,NRF,0.71,True
2026-10-07T18:55:15.418456+00:00,AMF,0.91,True
2026-10-07T18:55:15.419454+00:00,SMF,2.23,True
2026-10-07T18:55:15.421451+00:00,UPF,1.66,True
2026-10-07T18:55:15.421451+00:00,NRF,1.13,True
2026-10-07T18:55:15.422452+00:00,AMF,1.71,True
2026-10-07T18:55:15.423482+00:00,SMF,4.4,True
2026-10-07T18:55:15.423482+00:00,UPF,1.47,True
2026-10-07T18:55:15.424468+00:00,PCF,0.9,True
2026-10-07T18:55:15.424468+00:00,UDM,3.37,True
2026-10-07T18:55:21.374894+00:00,NRF,1.11,True
2026-10-07T18:55:21.376697+00:00,AMF,2.92,True
2026-10-07T18:55:21.378708+00:00,SMF,0.64,True
2026-10-07T18:55:21.380710+00:00,UPF,1.79,True
2026-10-07T18:55:21.380710+00:00,NRF,0.68,True
2026-10-07T18:55:21.381709+00:00,AMF,2.55,True
2026-10-07T18:55:21.383710+00:00,SMF,4.76,True
2026-10-07T18:55:21.384710+00:00,UPF,0.56,True
2026-10-07T18:55:21.385712+00:00,PCF,4.31,True
2026-10-07T18:55:21.387240+00:00,UDM,3.48,True
2026-10-07T18:55:27.187084+00:00,NRF,0.95,True
2026-10-07T18:55:27.187084+00:00,AMF,0.98,True
2026-10-07T18:55:27.189315+00:00,SMF,2.62,True
2026-10-07T18:55:27.189315+00:00,UPF,1.94,True
2026-10-07T18:55:27.190312+00:00,NRF,2.04,True
2026-10-07T18:55:27.191314+00:00,AMF,1.34,True
2026-10-07T18:55:27.191314+00:00,SMF,2.41,True
2026-10-07T18:55:27.191314+00:00,UPF,1.87,True
2026-10-07T18:55:27.192312+00:00,PCF,2.77,True
2026-10-07T18:55:27.192312+00:00,UDM,0.57,True
2026-10-07T18:55:32.659948+00:00,NRF,1.31,True
2026-10-07T18:55:32.660960+00:00,AMF,1.09,True
2026-10-07T18:55:32.661959+00:00,SMF,2.26,True
2026-10-07T18:55:32.663966+00:00,UPF,1.5,True
2026-10-07T18:55:32.663966+00:00,NRF,4.7,True
2026-10-07T18:55:32.664965+00:00,AMF,0.8,True
2026-10-07T18:55:32.665961+00:00,SMF,1.3,True
2026-10-07T18:55:32.666664+00:00,UPF,2.5,True
2026-10-07T18:55:32.667766+00:00,PCF,4.94,True
2026-10-07T18:55:32.667766+00:00,UDM,0.82,True
2026-10-07T18:55:38.255919+00:00,NRF,1.48,True
2026-10-07T18:55:38.257925+00:00,AMF,1.27,True
2026-10-07T18:55:38.258916+00:00,SMF,1.34,True
2026-10-07T18:55:38.259924+00:00,UPF,0.73,True
2026-10-07T18:55:38.259924+00:00,NRF,1.93,True
2026-10-07T18:55:38.261443+00:00,AMF,3.01,True
2026-10-07T18:55:38.262149+00:00,SMF,1.78,True
2026-10-07T18:55:38.262149+00:00,UPF,2.81,True
2026-10-07T18:55:38.263168+00:00,PCF,0.5,True
2026-10-07T18:55:38.263168+00:00,UDM,2.06,True
2026-10-07T18:55:43.801967+00:00,NRF,1.52,True
2026-10-07T18:55:43.803189+00:00,AMF,1.64,True
2026-10-07T18:55:43.803794+00:00,SMF,2.38,True
2026-10-07T18:55:43.804810+00:00,UPF,1.53,True
2026-10-07T18:55:43.806321+00:00,NRF,3.94,True
2026-10-07T18:55:43.807331+00:00,AMF,1.67,True
2026-10-07T18:55:43.807331+00:00,SMF,3.38,True
2026-10-07T18:55:43.808330+00:00,UPF,3.55,True
2026-10-07T18:55:43.808330+00:00,PCF,3.75,True
2026-10-07T18:55:43.809341+00:00,UDM,2.46,True
2026-10-07T18:55:49.475479+00:00,NRF,1.03,True
2026-10-07T18:55:49.477482+00:00,AMF,2.78,True
2026-10-07T18:55:49.478479+00:00,SMF,0.79,True
2026-10-07T18:55:49.481479+00:00,UPF,1.2,True
2026-10-07T18:55:49.482482+00:00,NRF,2.38,True
2026-10-07T18:55:49.483519+00:00,AMF,1.98,True
2026-10-07T18:55:49.484503+00:00,SMF,2.46,True
2026-10-07T18:55:49.484503+00:00,UPF,1.33,True
2026-10-07T18:55:49.485479+00:00,PCF,1.75,True
2026-10-07T18:55:49.486479+00:00,UDM,1.68,True
2026-10-07T18:55:55.007157+00:00,NRF,1.63,True
2026-10-07T18:55:55.008159+00:00,AMF,1.28,True
2026-10-07T18:55:55.009158+00:00,SMF,2.74,True
2026-10-07T18:55:55.010154+00:00,UPF,1.65,True
2026-10-07T18:55:55.011190+00:00,NRF,1.08,True
2026-10-07T18:55:55.011190+00:00,AMF,4.78,True
2026-10-07T18:55:55.012156+00:00,SMF,3.66,True
2026-10-07T18:55:55.012792+00:00,UPF,4.17,True
2026-10-07T18:55:55.012792+00:00,PCF,2.27,True
2026-10-07T18:55:55.013803+00:00,UDM,3.39,True
2026-10-07T18:56:00.563017+00:00,NRF,1.99,True
2026-10-07T18:56:00.565107+00:00,AMF,0.67,True
2026-10-07T18:56:00.566106+00:00,SMF,0.71,True
2026-10-07T18:56:00.567108+00:00,UPF,0.91,True
2026-10-07T18:56:00.568107+00:00,NRF,4.52,True
2026-10-07T18:56:00.568107+00:00,AMF,3.39,True
2026-10-07T18:56:00.569107+00:00,SMF,2.36,True
2026-10-07T18:56:00.569107+00:00,UPF,3.89,True
2026-10-07T18:56:00.570105+00:00,PCF,2.11,True
2026-10-07T18:56:00.570105+00:00,UDM,3.27,True
2026-10-07T18:56:06.220911+00:00,NRF,0.73,True
2026-10-07T18:56:06.222911+00:00,AMF,2.82,True
2026-10-07T18:56:06.223905+00:00,SMF,1.15,True
2026-10-07T18:56:06.224904+00:00,UPF,1.71,True
2026-10-07T18:56:06.225906+00:00,NRF,3.31,True
2026-10-07T18:56:06.225906+00:00,AMF,4.93,True
2026-10-07T18:56:06.227944+00:00,SMF,4.66,True
2026-10-07T18:56:06.228966+00:00,UPF,4.65,True
2026-10-07T18:56:06.228966+00:00,PCF,4.87,True
2026-10-07T18:56:06.230029+00:00,UDM,1.27,True
2026-10-07T18:56:11.816571+00:00,NRF,1.35,True
2026-10-07T18:56:11.817570+00:00,AMF,0.55,True
2026-10-07T18:56:11.818571+00:00,SMF,2.31,True
2026-10-07T18:56:11.819571+00:00,UPF,1.95,True
2026-10-07T18:56:11.819571+00:00,NRF,1.29,True
2026-10-07T18:56:11.820570+00:00,AMF,1.68,True
2026-10-07T18:56:11.820570+00:00,SMF,3.28,True
2026-10-07T18:56:11.821572+00:00,UPF,0.51,True
2026-10-07T18:56:11.821572+00:00,PCF,1.61,True
2026-10-07T18:56:11.821572+00:00,UDM,1.64,True
2026-10-07T18:56:17.054547+00:00,NRF,1.95,True
2026-10-07T18:56:17.056758+00:00,AMF,1.36,True
2026-10-07T18:56:17.057773+00:00,SMF,0.51,True
2026-10-07T18:56:17.059775+00:00,UPF,0.71,True
2026-10-07T18:56:17.061775+00:00,NRF,4.87,True
2026-10-07T18:56:17.062777+00:00,AMF,2.98,True
2026-10-07T18:56:17.064793+00:00,SMF,4.02,True
2026-10-07T18:56:17.065792+00:00,UPF,0.67,True
2026-10-07T18:56:17.067793+00:00,PCF,0.83,True
2026-10-07T18:56:17.068791+00:00,UDM,0.81,True
2026-10-07T18:56:23.177790+00:00,NRF,1.79,True
2026-10-07T18:56:23.179789+00:00,AMF,2.72,True
2026-10-07T18:56:23.180788+00:00,SMF,0.51,True
2026-10-07T18:56:23.181789+00:00,UPF,0.61,True
2026-10-07T18:56:23.182789+00:00,NRF,4.12,True
2026-10-07T18:56:23.183787+00:00,AMF,1.35,True
2026-10-07T18:56:23.184787+00:00,SMF,3.39,True
2026-10-07T18:56:23.184787+00:00,UPF,4.14,True
2026-10-07T18:56:23.185786+00:00,PCF,4.17,True
2026-10-07T18:56:23.186789+00:00,UDM,4.82,True
2026-10-07T18:56:28.789792+00:00,NRF,0.82,True
2026-10-07T18:56:28.790790+00:00,AMF,0.91,True
2026-10-07T18:56:28.791793+00:00,SMF,2.34,True
2026-10-07T18:56:28.792616+00:00,UPF,1.12,True
2026-10-07T18:56:28.793671+00:00,NRF,1.54,True
2026-10-07T18:56:28.793671+00:00,AMF,1.33,True
2026-10-07T18:56:28.794669+00:00,SMF,3.1,True
2026-10-07T18:56:28.794669+00:00,UPF,2.98,True
2026-10-07T18:56:28.794669+00:00,PCF,3.8,True
2026-10-07T18:56:28.795671+00:00,UDM,1.2,True
2026-10-07T18:56:34.498660+00:00,NRF,0.69,True
2026-10-07T18:56:34.499661+00:00,AMF,1.48,True
2026-10-07T18:56:34.501179+00:00,SMF,0.93,True
2026-10-07T18:56:34.502178+00:00,UPF,0.76,True
2026-10-07T18:56:34.502178+00:00,NRF,0.67,True
2026-10-07T18:56:34.503178+00:00,AMF,3.58,True
2026-10-07T18:56:34.503178+00:00,SMF,2.66,True
2026-10-07T18:56:34.503178+00:00,UPF,0.96,True
2026-10-07T18:56:34.504178+00:00,PCF,3.24,True
2026-10-07T18:56:34.504178+00:00,UDM,3.24,True
2026-10-07T18:56:39.951743+00:00,NRF,1.6,True
2026-10-07T18:56:39.952754+00:00,AMF,1.08,True
2026-10-07T18:56:39.953752+00:00,SMF,0.83,True
2026-10-07T18:56:39.954752+00:00,UPF,1.41,True
2026-10-07T18:56:39.955754+00:00,NRF,2.98,True
2026-10-07T18:56:39.955754+00:00,AMF,2.63,True
2026-10-07T18:56:39.956753+00:00,SMF,3.18,True
2026-10-07T18:56:39.956753+00:00,UPF,4.91,True
2026-10-07T18:56:39.956753+00:00,PCF,2.07,True
2026-10-07T18:56:39.957755+00:00,UDM,4.07,True
2026-10-07T18:56:45.427842+00:00,NRF,0.88,True
2026-10-07T18:56:45.428841+00:00,AMF,1.19,True
2026-10-07T18:56:45.429842+00:00,SMF,2.79,True
2026-10-07T18:56:45.430841+00:00,UPF,1.0,True
2026-10-07T18:56:45.431844+00:00,NRF,4.94,True
2026-10-07T18:56:45.431844+00:00,AMF,3.72,True
2026-10-07T18:56:45.431844+00:00,SMF,1.67,True
2026-10-07T18:56:45.432842+00:00,UPF,2.44,True
2026-10-07T18:56:45.432842+00:00,PCF,1.71,True
2026-10-07T18:56:45.432842+00:00,UDM,2.93,True
2026-10-07T18:56:51.219424+00:00,NRF,0.81,True
2026-10-07T18:56:51.221009+00:00,AMF,1.52,True
2026-10-07T18:56:51.222026+00:00,SMF,1.6,True
2026-10-07T18:56:51.222998+00:00,UPF,1.19,True
2026-10-07T18:56:51.224070+00:00,NRF,3.82,True
2026-10-07T18:56:51.224070+00:00,AMF,0.7,True
2026-10-07T18:56:51.224070+00:00,SMF,3.75,True
2026-10-07T18:56:51.225069+00:00,UPF,4.74,True
2026-10-07T18:56:51.225069+00:00,PCF,3.62,True
2026-10-07T18:56:51.226070+00:00,UDM,0.83,True
2026-10-07T18:56:56.722361+00:00,NRF,1.68,True
2026-10-07T18:56:56.723435+00:00,AMF,1.37,True
2026-10-07T18:56:56.724429+00:00,SMF,0.72,True
2026-10-07T18:56:56.726430+00:00,UPF,0.83,True
2026-10-07T18:56:56.726430+00:00,NRF,1.11,True
2026-10-07T18:56:56.727429+00:00,AMF,0.89,True
2026-10-07T18:56:56.728429+00:00,SMF,3.52,True
2026-10-07T18:56:56.728429+00:00,UPF,0.7,True
2026-10-07T18:56:56.729433+00:00,PCF,2.69,True
2026-10-07T18:56:56.729433+00:00,UDM,0.95,True
2026-10-07T18:57:02.183181+00:00,NRF,0.67,True
2026-10-07T18:57:02.185181+00:00,AMF,1.52,True
2026-10-07T18:57:02.186175+00:00,SMF,0.5,True
2026-10-07T18:57:02.186766+00:00,UPF,1.36,True
2026-10-07T18:57:02.188809+00:00,NRF,2.34,True
2026-10-07T18:57:02.189783+00:00,AMF,1.35,True
2026-10-07T18:57:02.189783+00:00,SMF,3.19,True
2026-10-07T18:57:02.190781+00:00,UPF,0.81,True
2026-10-07T18:57:02.191791+00:00,PCF,3.16,True
2026-10-07T18:57:02.192793+00:00,UDM,2.55,True
2026-10-07T18:57:07.676882+00:00,NRF,0.75,True
2026-10-07T18:57:07.677880+00:00,AMF,1.94,True
2026-10-07T18:57:07.678892+00:00,SMF,1.51,True
2026-10-07T18:57:07.679887+00:00,UPF,0.55,True
2026-10-07T18:57:07.679887+00:00,NRF,2.51,True
2026-10-07T18:57:07.679887+00:00,AMF,2.93,True
2026-10-07T18:57:07.680887+00:00,SMF,4.02,True
2026-10-07T18:57:07.680887+00:00,UPF,2.11,True
2026-10-07T18:57:07.681888+00:00,PCF,1.19,True
2026-10-07T18:57:07.681888+00:00,UDM,2.38,True
2026-10-07T18:57:16.608758+00:00,NRF,1.62,True
2026-10-07T18:57:16.609724+00:00,AMF,0.61,True
2026-10-07T18:57:16.610723+00:00,SMF,1.89,True
2026-10-07T18:57:16.611725+00:00,UPF,0.69,True
2026-10-07T18:57:16.612725+00:00,NRF,1.25,True
2026-10-07T18:57:16.613724+00:00,AMF,4.63,True
2026-10-07T18:57:16.613724+00:00,SMF,2.59,True
2026-10-07T18:57:16.613724+00:00,UPF,0.86,True
2026-10-07T18:57:16.614723+00:00,PCF,1.93,True
2026-10-07T18:57:16.614723+00:00,UDM,4.8,True
2026-10-07T18:57:22.140187+00:00,NRF,1.76,True
2026-10-07T18:57:22.141183+00:00,AMF,2.2,True
2026-10-07T18:57:22.142186+00:00,SMF,1.39,True
2026-10-07T18:57:22.143186+00:00,UPF,1.56,True
2026-10-07T18:57:22.145187+00:00,NRF,4.97,True
2026-10-07T18:57:22.145187+00:00,AMF,0.59,True
2026-10-07T18:57:22.146185+00:00,SMF,4.29,True
2026-10-07T18:57:22.147185+00:00,UPF,2.74,True
2026-10-07T18:57:22.147185+00:00,PCF,2.32,True
2026-10-07T18:57:22.148185+00:00,UDM,4.87,True
2026-10-07T18:57:27.846510+00:00,NRF,0.67,True
2026-10-07T18:57:27.848018+00:00,AMF,1.7,True
2026-10-07T18:57:27.849417+00:00,SMF,1.93,True
2026-10-07T18:57:27.849417+00:00,UPF,0.65,True
2026-10-07T18:57:27.851004+00:00,NRF,3.82,True
2026-10-07T18:57:27.851498+00:00,AMF,1.96,True
2026-10-07T18:57:27.852558+00:00,SMF,0.82,True
2026-10-07T18:57:27.853557+00:00,UPF,4.03,True
2026-10-07T18:57:27.853557+00:00,PCF,1.84,True
2026-10-07T18:57:27.854559+00:00,UDM,1.18,True
2026-10-07T18:57:33.555824+00:00,NRF,1.77,True
2026-10-07T18:57:33.557831+00:00,AMF,2.28,True
2026-10-07T18:57:33.558829+00:00,SMF,1.29,True
2026-10-07T18:57:33.560827+00:00,UPF,1.47,True
2026-10-07T18:57:33.561829+00:00,NRF,4.43,True
2026-10-07T18:57:33.561829+00:00,AMF,1.27,True
2026-10-07T18:57:33.562844+00:00,SMF,4.73,True
2026-10-07T18:57:33.562844+00:00,UPF,0.69,True
2026-10-07T18:57:33.563844+00:00,PCF,0.85,True
2026-10-07T18:57:33.563844+00:00,UDM,2.46,True
2026-10-07T18:57:39.239438+00:00,NRF,0.74,True
2026-10-07T18:57:39.241435+00:00,AMF,1.83,True
2026-10-07T18:57:39.242435+00:00,SMF,0.6,True
2026-10-07T18:57:39.243431+00:00,UPF,1.74,True
2026-10-07T18:57:39.244436+00:00,NRF,4.91,True
2026-10-07T18:57:39.245434+00:00,AMF,1.03,True
2026-10-07T18:57:39.246943+00:00,SMF,0.64,True
2026-10-07T18:57:39.247957+00:00,UPF,3.8,True
2026-10-07T18:57:39.248958+00:00,PCF,2.45,True
2026-10-07T18:57:39.248958+00:00,UDM,2.66,True
2026-10-07T18:57:44.776012+00:00,NRF,1.96,True
2026-10-07T18:57:44.777012+00:00,AMF,2.3,True
2026-10-07T18:57:44.778007+00:00,SMF,2.86,True
2026-10-07T18:57:44.780007+00:00,UPF,0.8,True
2026-10-07T18:57:44.781599+00:00,NRF,4.75,True
2026-10-07T18:57:44.782150+00:00,AMF,4.45,True
2026-10-07T18:57:44.782584+00:00,SMF,3.14,True
2026-10-07T18:57:44.783700+00:00,UPF,1.89,True
2026-10-07T18:57:44.783700+00:00,PCF,2.97,True
2026-10-07T18:57:44.784243+00:00,UDM,4.23,True
2026-10-07T18:57:50.721545+00:00,NRF,1.11,True
2026-10-07T18:57:50.724539+00:00,AMF,1.89,True
2026-10-07T18:57:50.727075+00:00,SMF,0.61,True
2026-10-07T18:57:50.730112+00:00,UPF,1.14,True
2026-10-07T18:57:50.733942+00:00,NRF,2.44,True
2026-10-07T18:57:50.735941+00:00,AMF,2.22,True
2026-10-07T18:57:50.736946+00:00,SMF,3.84,True
2026-10-07T18:57:50.739496+00:00,UPF,2.13,True
2026-10-07T18:57:50.741497+00:00,PCF,3.08,True
2026-10-07T18:57:50.743021+00:00,UDM,0.85,True
2026-10-07T18:57:57.568615+00:00,NRF,1.31,True
2026-10-07T18:57:57.571154+00:00,AMF,1.96,True
2026-10-07T18:57:57.573154+00:00,SMF,1.53,True
2026-10-07T18:57:57.576126+00:00,UPF,0.6,True
2026-10-07T18:57:57.578127+00:00,NRF,2.69,True
2026-10-07T18:57:57.580125+00:00,AMF,1.79,True
2026-10-07T18:57:57.582211+00:00,SMF,1.05,True
2026-10-07T18:57:57.584206+00:00,UPF,2.99,True
2026-10-07T18:57:57.585729+00:00,PCF,2.97,True
2026-10-07T18:57:57.586751+00:00,UDM,4.73,True
2026-10-07T18:58:03.893753+00:00,NRF,0.66,True
2026-10-07T18:58:03.895753+00:00,AMF,0.65,True
2026-10-07T18:58:03.896751+00:00,SMF,0.83,True
2026-10-07T18:58:03.898911+00:00,UPF,2.0,True
2026-10-07T18:58:03.899912+00:00,NRF,1.2,True
2026-10-07T18:58:03.901928+00:00,AMF,1.11,True
2026-10-07T18:58:03.902925+00:00,SMF,1.03,True
2026-10-07T18:58:03.902925+00:00,UPF,2.83,True
2026-10-07T18:58:03.903927+00:00,PCF,4.92,True
2026-10-07T18:58:03.904927+00:00,UDM,3.27,True
2026-10-07T18:58:09.897543+00:00,NRF,1.94,True
2026-10-07T18:58:09.898539+00:00,AMF,1.09,True
2026-10-07T18:58:09.899540+00:00,SMF,0.69,True
2026-10-07T18:58:09.899540+00:00,UPF,0.57,True
2026-10-07T18:58:09.900538+00:00,NRF,3.73,True
2026-10-07T18:58:09.901537+00:00,AMF,2.73,True
2026-10-07T18:58:09.902544+00:00,SMF,0.9,True
2026-10-07T18:58:09.902544+00:00,UPF,1.17,True
2026-10-07T18:58:09.903543+00:00,PCF,2.99,True
2026-10-07T18:58:09.903543+00:00,UDM,1.65,True
2026-10-07T18:58:15.424039+00:00,NRF,1.42,True
2026-10-07T18:58:15.426840+00:00,AMF,1.18,True
2026-10-07T18:58:15.430411+00:00,SMF,2.43,True
2026-10-07T18:58:15.432529+00:00,UPF,1.82,True
2026-10-07T18:58:15.434551+00:00,NRF,1.48,True
2026-10-07T18:58:15.435550+00:00,AMF,3.67,True
2026-10-07T18:58:15.436555+00:00,SMF,2.43,True
2026-10-07T18:58:15.437547+00:00,UPF,3.49,True
2026-10-07T18:58:15.438543+00:00,PCF,3.72,True
2026-10-07T18:58:15.439554+00:00,UDM,3.92,True
2026-10-07T18:58:21.544908+00:00,NRF,0.98,True
2026-10-07T18:58:21.546428+00:00,AMF,1.05,True
2026-10-07T18:58:21.547972+00:00,SMF,1.82,True
2026-10-07T18:58:21.548991+00:00,UPF,1.24,True
2026-10-07T18:58:21.549992+00:00,NRF,1.91,True
2026-10-07T18:58:21.550989+00:00,AMF,1.39,True
2026-10-07T18:58:21.552002+00:00,SMF,2.87,True
2026-10-07T18:58:21.552002+00:00,UPF,4.78,True
2026-10-07T18:58:21.553005+00:00,PCF,4.04,True
2026-10-07T18:58:21.554037+00:00,UDM,4.22,True
2026-10-07T18:58:27.153802+00:00,NRF,1.65,True
2026-10-07T18:58:27.154808+00:00,AMF,0.91,True
2026-10-07T18:58:27.155804+00:00,SMF,2.91,True
2026-10-07T18:58:27.156807+00:00,UPF,0.64,True
2026-10-07T18:58:27.157808+00:00,NRF,2.28,True
2026-10-07T18:58:27.158804+00:00,AMF,4.27,True
2026-10-07T18:58:27.158804+00:00,SMF,0.84,True
2026-10-07T18:58:27.159809+00:00,UPF,3.16,True
2026-10-07T18:58:27.159809+00:00,PCF,4.8,True
2026-10-07T18:58:27.160305+00:00,UDM,3.58,True
2026-10-07T18:58:32.719799+00:00,NRF,1.79,True
2026-10-07T18:58:32.720804+00:00,AMF,2.24,True
2026-10-07T18:58:32.721803+00:00,SMF,1.12,True
2026-10-07T18:58:32.722799+00:00,UPF,1.85,True
2026-10-07T18:58:32.723805+00:00,NRF,4.63,True
2026-10-07T18:58:32.723805+00:00,AMF,2.06,True
2026-10-07T18:58:32.724800+00:00,SMF,0.63,True
2026-10-07T18:58:32.724800+00:00,UPF,4.0,True
2026-10-07T18:58:32.724800+00:00,PCF,1.84,True
2026-10-07T18:58:32.725800+00:00,UDM,3.05,True
2026-10-07T18:58:38.264163+00:00,NRF,0.99,True
2026-10-07T18:58:38.264163+00:00,AMF,2.32,True
2026-10-07T18:58:38.265162+00:00,SMF,2.3,True
2026-10-07T18:58:38.266161+00:00,UPF,0.54,True
2026-10-07T18:58:38.267161+00:00,NRF,0.82,True
2026-10-07T18:58:38.267161+00:00,AMF,3.42,True
2026-10-07T18:58:38.268167+00:00,SMF,0.88,True
2026-10-07T18:58:38.268167+00:00,UPF,3.67,True
2026-10-07T18:58:38.269166+00:00,PCF,4.55,True
2026-10-07T18:58:38.269166+00:00,UDM,4.28,True
2026-10-07T18:58:43.761282+00:00,NRF,0.71,True
2026-10-07T18:58:43.762285+00:00,AMF,1.03,True
2026-10-07T18:58:43.763281+00:00,SMF,1.82,True
2026-10-07T18:58:43.764285+00:00,UPF,1.16,True
2026-10-07T18:58:43.766277+00:00,NRF,3.49,True
2026-10-07T18:58:43.766277+00:00,AMF,4.53,True
2026-10-07T18:58:43.767279+00:00,SMF,4.96,True
2026-10-07T18:58:43.767279+00:00,UPF,4.62,True
2026-10-07T18:58:43.768278+00:00,PCF,1.92,True
2026-10-07T18:58:43.768278+00:00,UDM,2.5,True
2026-10-07T18:58:49.488164+00:00,NRF,0.56,True
2026-10-07T18:58:49.489159+00:00,AMF,2.65,True
2026-10-07T18:58:49.490161+00:00,SMF,0.71,True
2026-10-07T18:58:49.491296+00:00,UPF,0.67,True
2026-10-07T18:58:49.492294+00:00,NRF,0.83,True
2026-10-07T18:58:49.493295+00:00,AMF,1.16,True
2026-10-07T18:58:49.493295+00:00,SMF,2.43,True
2026-10-07T18:58:49.494294+00:00,UPF,4.5,True
2026-10-07T18:58:49.494294+00:00,PCF,2.06,True
2026-10-07T18:58:49.495299+00:00,UDM,4.05,True
2026-10-07T18:58:55.012249+00:00,NRF,1.73,True
2026-10-07T18:58:55.013246+00:00,AMF,1.55,True
2026-10-07T18:58:55.014248+00:00,SMF,1.83,True
2026-10-07T18:58:55.016243+00:00,UPF,1.07,True
2026-10-07T18:58:55.016243+00:00,NRF,3.7,True
2026-10-07T18:58:55.017246+00:00,AMF,4.4,True
2026-10-07T18:58:55.017246+00:00,SMF,1.89,True
2026-10-07T18:58:55.017246+00:00,UPF,2.19,True
2026-10-07T18:58:55.018247+00:00,PCF,0.57,True
2026-10-07T18:58:55.018247+00:00,UDM,0.69,True
2026-10-07T18:59:03.990970+00:00,NRF,0.78,True
2026-10-07T18:59:03.991931+00:00,AMF,1.91,True
2026-10-07T18:59:03.992937+00:00,SMF,0.84,True
2026-10-07T18:59:03.993938+00:00,UPF,0.67,True
2026-10-07T18:59:03.993938+00:00,NRF,0.81,True
2026-10-07T18:59:03.994939+00:00,AMF,2.18,True
2026-10-07T18:59:03.994939+00:00,SMF,2.84,True
2026-10-07T18:59:03.995940+00:00,UPF,4.75,True
2026-10-07T18:59:03.995940+00:00,PCF,4.89,True
2026-10-07T18:59:03.996937+00:00,UDM,2.01,True
2026-10-07T18:59:09.510990+00:00,NRF,1.36,True
2026-10-07T18:59:09.511959+00:00,AMF,2.46,True
2026-10-07T18:59:09.512955+00:00,SMF,2.21,True
2026-10-07T18:59:09.513957+00:00,UPF,1.98,True
2026-10-07T18:59:09.514952+00:00,NRF,4.64,True
2026-10-07T18:59:09.514952+00:00,AMF,3.03,True
2026-10-07T18:59:09.515955+00:00,SMF,1.93,True
2026-10-07T18:59:09.516952+00:00,UPF,1.37,True
2026-10-07T18:59:09.516952+00:00,PCF,1.23,True
2026-10-07T18:59:09.516952+00:00,UDM,2.01,True
2026-10-07T18:59:15.192124+00:00,NRF,1.93,True
2026-10-07T18:59:15.193290+00:00,AMF,1.29,True
2026-10-07T18:59:15.195030+00:00,SMF,1.4,True
2026-10-07T18:59:15.197294+00:00,UPF,1.4,True
2026-10-07T18:59:15.198996+00:00,NRF,3.48,True
2026-10-07T18:59:15.200129+00:00,AMF,0.6,True
2026-10-07T18:59:15.201286+00:00,SMF,3.31,True
2026-10-07T18:59:15.202436+00:00,UPF,3.58,True
2026-10-07T18:59:15.203544+00:00,PCF,1.06,True
2026-10-07T18:59:15.204653+00:00,UDM,2.94,True
2026-10-07T18:59:21.276154+00:00,NRF,1.27,True
2026-10-07T18:59:21.277155+00:00,AMF,1.94,True
2026-10-07T18:59:21.280155+00:00,SMF,2.34,True
2026-10-07T18:59:21.281157+00:00,UPF,1.68,True
2026-10-07T18:59:21.282154+00:00,NRF,3.51,True
2026-10-07T18:59:21.283159+00:00,AMF,0.69,True
2026-10-07T18:59:21.284158+00:00,SMF,1.49,True
2026-10-07T18:59:21.285673+00:00,UPF,4.21,True
2026-10-07T18:59:21.286635+00:00,PCF,3.69,True
2026-10-07T18:59:21.287727+00:00,UDM,3.49,True
2026-10-07T18:59:28.825147+00:00,NRF,1.47,True
2026-10-07T18:59:28.827572+00:00,AMF,1.65,True
2026-10-07T18:59:28.830572+00:00,SMF,1.37,True
2026-10-07T18:59:28.832187+00:00,UPF,1.1,True
2026-10-07T18:59:28.833185+00:00,NRF,2.35,True
2026-10-07T18:59:28.834202+00:00,AMF,4.28,True
2026-10-07T18:59:28.835185+00:00,SMF,0.89,True
2026-10-07T18:59:28.836053+00:00,UPF,3.92,True
2026-10-07T18:59:28.837665+00:00,PCF,2.45,True
2026-10-07T18:59:28.838194+00:00,UDM,1.53,True
2026-10-07T18:59:43.510821+00:00,NRF,1.11,True
2026-10-07T18:59:43.511953+00:00,AMF,1.05,True
2026-10-07T18:59:43.513054+00:00,SMF,1.53,True
2026-10-07T18:59:43.514162+00:00,UPF,1.4,True
2026-10-07T18:59:43.515346+00:00,NRF,3.91,True
2026-10-07T18:59:43.516439+00:00,AMF,4.47,True
2026-10-07T18:59:43.517517+00:00,SMF,3.86,True
2026-10-07T18:59:43.518191+00:00,UPF,2.43,True
2026-10-07T18:59:43.519284+00:00,PCF,3.38,True
2026-10-07T18:59:43.520348+00:00,UDM,3.31,True
2026-10-07T18:59:49.377287+00:00,NRF,1.34,True
2026-10-07T18:59:49.378287+00:00,AMF,0.84,True
2026-10-07T18:59:49.379283+00:00,SMF,1.41,True
2026-10-07T18:59:49.380283+00:00,UPF,1.09,True
2026-10-07T18:59:49.381289+00:00,NRF,0.88,True
2026-10-07T18:59:49.382879+00:00,AMF,4.38,True
2026-10-07T18:59:49.383880+00:00,SMF,2.48,True
2026-10-07T18:59:49.384878+00:00,UPF,4.54,True
2026-10-07T18:59:49.385878+00:00,PCF,1.08,True
2026-10-07T18:59:49.386880+00:00,UDM,3.62,True
2026-10-07T18:59:54.992893+00:00,NRF,1.25,True
2026-10-07T18:59:54.993879+00:00,AMF,1.2,True
2026-10-07T18:59:54.994873+00:00,SMF,1.24,True
2026-10-07T18:59:54.995873+00:00,UPF,1.08,True
2026-10-07T18:59:54.996874+00:00,NRF,2.3,True
2026-10-07T18:59:54.997873+00:00,AMF,4.52,True
2026-10-07T18:59:54.997873+00:00,SMF,1.95,True
2026-10-07T18:59:54.998873+00:00,UPF,0.88,True
2026-10-07T18:59:54.999874+00:00,PCF,4.53,True
2026-10-07T18:59:54.999874+00:00,UDM,3.43,True
2026-10-07T19:00:00.608778+00:00,NRF,0.72,True
2026-10-07T19:00:00.611769+00:00,AMF,1.3,True
2026-10-07T19:00:00.613777+00:00,SMF,0.97,True
2026-10-07T19:00:00.616770+00:00,UPF,1.89,True
2026-10-07T19:00:00.618774+00:00,NRF,1.28,True
2026-10-07T19:00:00.619777+00:00,AMF,1.62,True
2026-10-07T19:00:00.620767+00:00,SMF,3.36,True
2026-10-07T19:00:00.622081+00:00,UPF,2.38,True
2026-10-07T19:00:00.623074+00:00,PCF,0.54,True
2026-10-07T19:00:00.624084+00:00,UDM,3.89,True
2026-10-07T19:00:06.528459+00:00,NRF,1.69,True
2026-10-07T19:00:06.534185+00:00,AMF,1.2,True
2026-10-07T19:00:06.536342+00:00,SMF,1.63,True
2026-10-07T19:00:06.538309+00:00,UPF,1.16,True
2026-10-07T19:00:06.540117+00:00,NRF,2.66,True
2026-10-07T19:00:06.541841+00:00,AMF,2.39,True
2026-10-07T19:00:06.543090+00:00,SMF,3.43,True
2026-10-07T19:00:06.544822+00:00,UPF,4.83,True
2026-10-07T19:00:06.546566+00:00,PCF,3.42,True
2026-10-07T19:00:06.547899+00:00,UDM,4.13,True
2026-10-07T19:00:12.176678+00:00,NRF,1.76,True
2026-10-07T19:00:12.178676+00:00,AMF,2.14,True
2026-10-07T19:00:12.179677+00:00,SMF,1.1,True
2026-10-07T19:00:12.181679+00:00,UPF,0.9,True
2026-10-07T19:00:12.182676+00:00,NRF,3.83,True
2026-10-07T19:00:12.184688+00:00,AMF,1.37,True
2026-10-07T19:00:12.186079+00:00,SMF,2.41,True
2026-10-07T19:00:12.186691+00:00,UPF,2.96,True
2026-10-07T19:00:12.187691+00:00,PCF,0.73,True
2026-10-07T19:00:12.188694+00:00,UDM,3.69,True
2026-10-07T19:00:17.810797+00:00,NRF,1.66,True
2026-10-07T19:00:17.813790+00:00,AMF,1.85,True
2026-10-07T19:00:17.815795+00:00,SMF,1.15,True
2026-10-07T19:00:17.816801+00:00,UPF,1.93,True
2026-10-07T19:00:17.818790+00:00,NRF,2.44,True
2026-10-07T19:00:17.819792+00:00,AMF,0.78,True
2026-10-07T19:00:17.820790+00:00,SMF,3.6,True
2026-10-07T19:00:17.821790+00:00,UPF,1.2,True
2026-10-07T19:00:17.822799+00:00,PCF,4.35,True
2026-10-07T19:00:17.823827+00:00,UDM,1.28,True
2026-10-07T19:00:24.253026+00:00,NRF,1.35,True
2026-10-07T19:00:24.258295+00:00,AMF,2.25,True
2026-10-07T19:00:24.263732+00:00,SMF,1.6,True
2026-10-07T19:00:24.265287+00:00,UPF,0.54,True
2026-10-07T19:00:24.274466+00:00,NRF,4.86,True
2026-10-07T19:00:24.278533+00:00,AMF,4.47,True
2026-10-07T19:00:24.281315+00:00,SMF,3.18,True
2026-10-07T19:00:24.285416+00:00,UPF,1.44,True
2026-10-07T19:00:24.291157+00:00,PCF,4.42,True
2026-10-07T19:00:24.294134+00:00,UDM,3.79,True
2026-10-07T19:00:26.627046+00:00,NRF,1.13,True
2026-10-07T19:00:26.633690+00:00,AMF,0.94,True
2026-10-07T19:00:26.635689+00:00,SMF,0.5,True
2026-10-07T19:00:26.637692+00:00,UPF,0.52,True
2026-10-07T19:00:26.639694+00:00,NRF,1.75,True
2026-10-07T19:00:26.673895+00:00,AMF,1.24,True
2026-10-07T19:00:26.674927+00:00,SMF,1.93,True
2026-10-07T19:00:26.684847+00:00,UPF,2.31,True
2026-10-07T19:00:26.686711+00:00,PCF,2.26,True
2026-10-07T19:00:26.689547+00:00,UDM,1.9,True
2026-10-07T19:00:34.256874+00:00,NRF,1.64,True
2026-10-07T19:00:34.257835+00:00,AMF,1.02,True
2026-10-07T19:00:34.258832+00:00,SMF,1.45,True
2026-10-07T19:00:34.260281+00:00,UPF,0.95,True
2026-10-07T19:00:34.261370+00:00,NRF,1.63,True
2026-10-07T19:00:34.262373+00:00,AMF,3.54,True
2026-10-07T19:00:34.263408+00:00,SMF,2.83,True
2026-10-07T19:00:34.263408+00:00,UPF,4.25,True
2026-10-07T19:00:34.265368+00:00,PCF,3.36,True
2026-10-07T19:00:34.265368+00:00,UDM,4.49,True
2026-10-07T19:00:40.106821+00:00,NRF,0.93,True
2026-10-07T19:00:40.107822+00:00,AMF,2.86,True
2026-10-07T19:00:40.109844+00:00,SMF,1.62,True
2026-10-07T19:00:40.110908+00:00,UPF,0.51,True
2026-10-07T19:00:40.111903+00:00,NRF,3.15,True
2026-10-07T19:00:40.111903+00:00,AMF,0.87,True
2026-10-07T19:00:40.112902+00:00,SMF,2.82,True
2026-10-07T19:00:40.113904+00:00,UPF,1.19,True
2026-10-07T19:00:40.113904+00:00,PCF,3.02,True
2026-10-07T19:00:40.114906+00:00,UDM,0.59,True
2026-10-07T19:00:45.750083+00:00,NRF,1.53,True
2026-10-07T19:00:45.751887+00:00,AMF,2.66,True
2026-10-07T19:00:45.753045+00:00,SMF,1.93,True
2026-10-07T19:00:45.754230+00:00,UPF,1.37,True
2026-10-07T19:00:45.755354+00:00,NRF,2.46,True
2026-10-07T19:00:45.755929+00:00,AMF,3.75,True
2026-10-07T19:00:45.756494+00:00,SMF,1.37,True
2026-10-07T19:00:45.757558+00:00,UPF,2.11,True
2026-10-07T19:00:45.757866+00:00,PCF,1.16,True
2026-10-07T19:00:45.758733+00:00,UDM,3.8,True
2026-10-07T19:00:52.151352+00:00,NRF,1.23,True
2026-10-07T19:00:52.153429+00:00,AMF,1.89,True
2026-10-07T19:00:52.155429+00:00,SMF,1.33,True
2026-10-07T19:00:52.157433+00:00,UPF,1.33,True
2026-10-07T19:00:52.159194+00:00,NRF,0.8,True
2026-10-07T19:00:52.161270+00:00,AMF,3.35,True
2026-10-07T19:00:52.162269+00:00,SMF,1.92,True
2026-10-07T19:00:52.163279+00:00,UPF,3.49,True
2026-10-07T19:00:52.165269+00:00,PCF,3.74,True
2026-10-07T19:00:52.166270+00:00,UDM,1.87,True
2026-10-07T19:00:57.916174+00:00,NRF,0.85,True
2026-10-07T19:00:57.918175+00:00,AMF,1.3,True
2026-10-07T19:00:57.920175+00:00,SMF,1.42,True
2026-10-07T19:00:57.921176+00:00,UPF,1.24,True
2026-10-07T19:00:57.923856+00:00,NRF,4.49,True
2026-10-07T19:00:57.924975+00:00,AMF,2.22,True
2026-10-07T19:00:57.925967+00:00,SMF,3.59,True
2026-10-07T19:00:57.926968+00:00,UPF,3.72,True
2026-10-07T19:00:57.926968+00:00,PCF,2.63,True
2026-10-07T19:00:57.927971+00:00,UDM,3.67,True
2026-10-07T19:01:03.954073+00:00,NRF,1.12,True
2026-10-07T19:01:03.955075+00:00,AMF,2.84,True
2026-10-07T19:01:03.956078+00:00,SMF,1.91,True
2026-10-07T19:01:03.957373+00:00,UPF,1.47,True
2026-10-07T19:01:03.958376+00:00,NRF,2.29,True
2026-10-07T19:01:03.958376+00:00,AMF,2.86,True
2026-10-07T19:01:03.959375+00:00,SMF,1.43,True
2026-10-07T19:01:03.959375+00:00,UPF,3.85,True
2026-10-07T19:01:03.960376+00:00,PCF,1.27,True
2026-10-07T19:01:03.960883+00:00,UDM,0.73,True
2026-10-07T19:01:12.094037+00:00,NRF,1.06,True
2026-10-07T19:01:12.096003+00:00,AMF,2.66,True
2026-10-07T19:01:12.097004+00:00,SMF,2.75,True
2026-10-07T19:01:12.098049+00:00,UPF,1.38,True
2026-10-07T19:01:12.099008+00:00,NRF,1.26,True
2026-10-07T19:01:12.099008+00:00,AMF,4.46,True
2026-10-07T19:01:12.100002+00:00,SMF,1.01,True
2026-10-07T19:01:12.100002+00:00,UPF,0.85,True
2026-10-07T19:01:12.101002+00:00,PCF,0.94,True
2026-10-07T19:01:12.101002+00:00,UDM,2.73,True
2026-10-07T19:01:17.883347+00:00,NRF,1.57,True
2026-10-07T19:01:17.886347+00:00,AMF,1.1,True
2026-10-07T19:01:17.888352+00:00,SMF,2.66,True
2026-10-07T19:01:17.891359+00:00,UPF,1.0,True
2026-10-07T19:01:17.893347+00:00,NRF,2.52,True
2026-10-07T19:01:17.895348+00:00,AMF,3.5,True
2026-10-07T19:01:17.896357+00:00,SMF,4.03,True
2026-10-07T19:01:17.898345+00:00,UPF,1.17,True
2026-10-07T19:01:17.899350+00:00,PCF,3.92,True
2026-10-07T19:01:17.900348+00:00,UDM,4.76,True
2026-10-07T19:01:24.110914+00:00,NRF,1.24,True
2026-10-07T19:01:24.113917+00:00,AMF,2.54,True
2026-10-07T19:01:24.114916+00:00,SMF,2.81,True
2026-10-07T19:01:24.115930+00:00,UPF,1.56,True
2026-10-07T19:01:24.116942+00:00,NRF,3.84,True
2026-10-07T19:01:24.116942+00:00,AMF,4.68,True
2026-10-07T19:01:24.117929+00:00,SMF,0.82,True
2026-10-07T19:01:24.117929+00:00,UPF,2.67,True
2026-10-07T19:01:24.118930+00:00,PCF,2.48,True
2026-10-07T19:01:24.119930+00:00,UDM,2.65,True
2026-10-07T19:01:29.876528+00:00,NRF,1.63,True
2026-10-07T19:01:29.878527+00:00,AMF,1.24,True
2026-10-07T19:01:29.880968+00:00,SMF,2.66,True
2026-10-07T19:01:29.882984+00:00,UPF,1.96,True
2026-10-07T19:01:29.884982+00:00,NRF,1.16,True
2026-10-07T19:01:29.885989+00:00,AMF,2.25,True
2026-10-07T19:01:29.886982+00:00,SMF,3.05,True
2026-10-07T19:01:29.887980+00:00,UPF,3.81,True
2026-10-07T19:01:29.888980+00:00,PCF,1.55,True
2026-10-07T19:01:29.889981+00:00,UDM,1.88,True
2026-10-07T19:01:36.374397+00:00,NRF,1.09,True
2026-10-07T19:01:36.376674+00:00,AMF,0.96,True
2026-10-07T19:01:36.377685+00:00,SMF,0.84,True
2026-10-07T19:01:36.379196+00:00,UPF,1.17,True
2026-10-07T19:01:36.381215+00:00,NRF,1.29,True
2026-10-07T19:01:36.381215+00:00,AMF,2.0,True
2026-10-07T19:01:36.382325+00:00,SMF,2.43,True
2026-10-07T19:01:36.382325+00:00,UPF,3.57,True
2026-10-07T19:01:36.383843+00:00,PCF,1.11,True
2026-10-07T19:01:36.383843+00:00,UDM,1.98,True
2026-10-07T19:01:42.082414+00:00,NRF,1.58,True
2026-10-07T19:01:42.083412+00:00,AMF,1.2,True
2026-10-07T19:01:42.088883+00:00,SMF,2.51,True
2026-10-07T19:01:42.089884+00:00,UPF,1.59,True
2026-10-07T19:01:42.091879+00:00,NRF,3.52,True
2026-10-07T19:01:42.092877+00:00,AMF,4.19,True
2026-10-07T19:01:42.093883+00:00,SMF,1.8,True
2026-10-07T19:01:42.094876+00:00,UPF,2.83,True
2026-10-07T19:01:42.095876+00:00,PCF,2.32,True
2026-10-07T19:01:42.096880+00:00,UDM,1.66,True
2026-10-07T19:01:47.944111+00:00,NRF,1.3,True
2026-10-07T19:01:47.947113+00:00,AMF,1.8,True
2026-10-07T19:01:47.949102+00:00,SMF,2.66,True
2026-10-07T19:01:47.952015+00:00,UPF,1.06,True
2026-10-07T19:01:47.953627+00:00,NRF,1.83,True
2026-10-07T19:01:47.954634+00:00,AMF,2.5,True
2026-10-07T19:01:47.955628+00:00,SMF,1.43,True
2026-10-07T19:01:47.956634+00:00,UPF,1.56,True
2026-10-07T19:01:47.956634+00:00,PCF,1.79,True
2026-10-07T19:01:47.957631+00:00,UDM,2.12,True
2026-10-07T19:01:53.985228+00:00,NRF,1.08,True
2026-10-07T19:01:53.985829+00:00,AMF,0.53,True
2026-10-07T19:01:53.986840+00:00,SMF,1.14,True
2026-10-07T19:01:53.987848+00:00,UPF,1.03,True
2026-10-07T19:01:53.988846+00:00,NRF,2.02,True
2026-10-07T19:01:53.989840+00:00,AMF,4.95,True
2026-10-07T19:01:53.990841+00:00,SMF,0.91,True
2026-10-07T19:01:53.991840+00:00,UPF,0.66,True
2026-10-07T19:01:53.992878+00:00,PCF,0.91,True
2026-10-07T19:01:53.992878+00:00,UDM,1.08,True
2026-10-07T19:01:59.610703+00:00,NRF,0.83,True
2026-10-07T19:01:59.611709+00:00,AMF,2.65,True
2026-10-07T19:01:59.613706+00:00,SMF,2.42,True
2026-10-07T19:01:59.614704+00:00,UPF,1.7,True
2026-10-07T19:01:59.615706+00:00,NRF,1.25,True
2026-10-07T19:01:59.616711+00:00,AMF,1.34,True
2026-10-07T19:01:59.616711+00:00,SMF,1.95,True
2026-10-07T19:01:59.617712+00:00,UPF,4.26,True
2026-10-07T19:01:59.617712+00:00,PCF,2.11,True
2026-10-07T19:01:59.618711+00:00,UDM,3.09,True
2026-10-07T19:02:05.292149+00:00,NRF,0.9,True
2026-10-07T19:02:05.294151+00:00,AMF,0.55,True
2026-10-07T19:02:05.295661+00:00,SMF,1.82,True
2026-10-07T19:02:05.297203+00:00,UPF,0.79,True
2026-10-07T19:02:05.298219+00:00,NRF,1.93,True
2026-10-07T19:02:05.298219+00:00,AMF,0.62,True
2026-10-07T19:02:05.299509+00:00,SMF,3.45,True
2026-10-07T19:02:05.300509+00:00,UPF,2.19,True
2026-10-07T19:02:05.301504+00:00,PCF,2.99,True
2026-10-07T19:02:05.301504+00:00,UDM,2.32,True
2026-10-07T19:02:10.825384+00:00,NRF,0.89,True
2026-10-07T19:02:10.827385+00:00,AMF,2.35,True
2026-10-07T19:02:10.827385+00:00,SMF,0.58,True
2026-10-07T19:02:10.830027+00:00,UPF,1.77,True
2026-10-07T19:02:10.832231+00:00,NRF,4.09,True
2026-10-07T19:02:10.832772+00:00,AMF,2.3,True
2026-10-07T19:02:10.833305+00:00,SMF,3.03,True
2026-10-07T19:02:10.833859+00:00,UPF,3.26,True
2026-10-07T19:02:10.834410+00:00,PCF,4.69,True
2026-10-07T19:02:10.834939+00:00,UDM,1.06,True
2026-10-07T19:02:16.726152+00:00,NRF,1.24,True
2026-10-07T19:02:16.727152+00:00,AMF,1.44,True
2026-10-07T19:02:16.728154+00:00,SMF,1.3,True
2026-10-07T19:02:16.728704+00:00,UPF,0.81,True
2026-10-07T19:02:16.730026+00:00,NRF,2.41,True
2026-10-07T19:02:16.730026+00:00,AMF,4.29,True
2026-10-07T19:02:16.731056+00:00,SMF,2.63,True
2026-10-07T19:02:16.731056+00:00,UPF,3.87,True
2026-10-07T19:02:16.732056+00:00,PCF,3.69,True
2026-10-07T19:02:16.732056+00:00,UDM,3.42,True
2026-10-07T19:02:22.655323+00:00,NRF,1.27,True
2026-10-07T19:02:22.658322+00:00,AMF,1.2,True
2026-10-07T19:02:22.660322+00:00,SMF,1.97,True
2026-10-07T19:02:22.661322+00:00,UPF,1.92,True
2026-10-07T19:02:22.662320+00:00,NRF,3.06,True
2026-10-07T19:02:22.662730+00:00,AMF,3.24,True
2026-10-07T19:02:22.664790+00:00,SMF,1.91,True
2026-10-07T19:02:22.665788+00:00,UPF,0.65,True
2026-10-07T19:02:22.666790+00:00,PCF,4.21,True
2026-10-07T19:02:22.667789+00:00,UDM,3.41,True
2026-10-07T19:02:28.668310+00:00,NRF,1.76,True
2026-10-07T19:02:28.672540+00:00,AMF,2.47,True
2026-10-07T19:02:28.681419+00:00,SMF,2.81,True
2026-10-07T19:02:28.689523+00:00,UPF,0.75,True
2026-10-07T19:02:28.696549+00:00,NRF,0.93,True
2026-10-07T19:02:28.699080+00:00,AMF,4.11,True
2026-10-07T19:02:28.702074+00:00,SMF,1.12,True
2026-10-07T19:02:28.704382+00:00,UPF,4.33,True
2026-10-07T19:02:28.714611+00:00,PCF,4.58,True
2026-10-07T19:02:28.715777+00:00,UDM,4.36,True
2026-10-07T19:02:36.380100+00:00,NRF,0.65,True
2026-10-07T19:02:36.382204+00:00,AMF,1.52,True
2026-10-07T19:02:36.384877+00:00,SMF,1.95,True
2026-10-07T19:02:36.386987+00:00,UPF,1.84,True
2026-10-07T19:02:36.389305+00:00,NRF,1.43,True
2026-10-07T19:02:36.389305+00:00,AMF,4.46,True
2026-10-07T19:02:36.393294+00:00,SMF,1.84,True
2026-10-07T19:02:36.395666+00:00,UPF,4.31,True
2026-10-07T19:02:36.396765+00:00,PCF,4.61,True
2026-10-07T19:02:36.398512+00:00,UDM,4.71,True
2026-10-07T19:02:43.087828+00:00,NRF,1.08,True
2026-10-07T19:02:43.089839+00:00,AMF,2.94,True
2026-10-07T19:02:43.091851+00:00,SMF,1.33,True
2026-10-07T19:02:43.093825+00:00,UPF,0.51,True
2026-10-07T19:02:43.094822+00:00,NRF,1.84,True
2026-10-07T19:02:43.094822+00:00,AMF,2.23,True
2026-10-07T19:02:43.094822+00:00,SMF,0.68,True
2026-10-07T19:02:43.095830+00:00,UPF,4.12,True
2026-10-07T19:02:43.095830+00:00,PCF,3.46,True
2026-10-07T19:02:43.096826+00:00,UDM,4.32,True
2026-10-07T19:02:48.844771+00:00,NRF,1.03,True
2026-10-07T19:02:48.846789+00:00,AMF,1.6,True
2026-10-07T19:02:48.848781+00:00,SMF,2.66,True
2026-10-07T19:02:48.850785+00:00,UPF,1.13,True
2026-10-07T19:02:48.851787+00:00,NRF,2.15,True
2026-10-07T19:02:48.853786+00:00,AMF,3.11,True
2026-10-07T19:02:48.853786+00:00,SMF,3.07,True
2026-10-07T19:02:48.855298+00:00,UPF,4.8,True
2026-10-07T19:02:48.856312+00:00,PCF,1.8,True
2026-10-07T19:02:48.857316+00:00,UDM,3.25,True
2026-10-07T19:02:58.001687+00:00,NRF,1.42,True
2026-10-07T19:02:58.004696+00:00,AMF,2.54,True
2026-10-07T19:02:58.005697+00:00,SMF,1.94,True
2026-10-07T19:02:58.006696+00:00,UPF,1.53,True
2026-10-07T19:02:58.007695+00:00,NRF,2.64,True
2026-10-07T19:02:58.007695+00:00,AMF,0.76,True
2026-10-07T19:02:58.008699+00:00,SMF,1.64,True
2026-10-07T19:02:58.009697+00:00,UPF,0.7,True
2026-10-07T19:02:58.009697+00:00,PCF,1.4,True
2026-10-07T19:02:58.010698+00:00,UDM,4.2,True
2026-10-07T19:03:03.774987+00:00,NRF,1.95,True
2026-10-07T19:03:03.775990+00:00,AMF,1.81,True
2026-10-07T19:03:03.776988+00:00,SMF,2.4,True
2026-10-07T19:03:03.776988+00:00,UPF,1.04,True
2026-10-07T19:03:03.778350+00:00,NRF,2.79,True
2026-10-07T19:03:03.780351+00:00,AMF,4.8,True
2026-10-07T19:03:03.780351+00:00,SMF,4.92,True
2026-10-07T19:03:03.781373+00:00,UPF,2.57,True
2026-10-07T19:03:03.781373+00:00,PCF,2.54,True
2026-10-07T19:03:03.782364+00:00,UDM,3.38,True
2026-10-07T19:04:44.614161+00:00,NRF,1.07,True
2026-10-07T19:04:44.616127+00:00,AMF,1.9,True
2026-10-07T19:04:44.618129+00:00,SMF,2.84,True
2026-10-07T19:04:44.622462+00:00,UPF,0.64,True
2026-10-07T19:04:44.624466+00:00,NRF,1.97,True
2026-10-07T19:04:44.625470+00:00,AMF,4.58,True
2026-10-07T19:04:44.626461+00:00,SMF,1.23,True
2026-10-07T19:04:44.629516+00:00,UPF,1.07,True
2026-10-07T19:04:44.631530+00:00,PCF,4.1,True
2026-10-07T19:04:44.632540+00:00,UDM,3.02,True
2026-10-07T19:04:51.193569+00:00,NRF,0.83,True
2026-10-07T19:04:51.194570+00:00,AMF,0.74,True
2026-10-07T19:04:51.195567+00:00,SMF,1.69,True
2026-10-07T19:04:51.196567+00:00,UPF,0.93,True
2026-10-07T19:04:51.197578+00:00,NRF,2.3,True
2026-10-07T19:04:51.198571+00:00,AMF,2.75,True
2026-10-07T19:04:51.199574+00:00,SMF,4.14,True
2026-10-07T19:04:51.201720+00:00,UPF,1.1,True
2026-10-07T19:04:51.202718+00:00,PCF,2.21,True
2026-10-07T19:04:51.203724+00:00,UDM,3.58,True
2026-10-07T19:04:56.969265+00:00,NRF,1.72,True
2026-10-07T19:04:56.971224+00:00,AMF,2.54,True
2026-10-07T19:04:56.972252+00:00,SMF,1.18,True
2026-10-07T19:04:56.974731+00:00,UPF,1.88,True
2026-10-07T19:04:56.976570+00:00,NRF,1.03,True
2026-10-07T19:04:56.977590+00:00,AMF,0.82,True
2026-10-07T19:04:56.979600+00:00,SMF,4.31,True
2026-10-07T19:04:56.980586+00:00,UPF,3.19,True
2026-10-07T19:04:56.981624+00:00,PCF,1.65,True
2026-10-07T19:04:56.982626+00:00,UDM,4.18,True
2026-10-07T19:05:03.097073+00:00,NRF,0.66,True
2026-10-07T19:05:03.099598+00:00,AMF,1.28,True
2026-10-07T19:05:03.101615+00:00,SMF,0.67,True
2026-10-07T19:05:03.104635+00:00,UPF,1.39,True
2026-10-07T19:05:03.105628+00:00,NRF,0.59,True
2026-10-07T19:05:03.106629+00:00,AMF,4.26,True
2026-10-07T19:05:03.109631+00:00,SMF,1.68,True
2026-10-07T19:05:03.110634+00:00,UPF,3.25,True
2026-10-07T19:05:03.112625+00:00,PCF,4.38,True
2026-10-07T19:05:03.113629+00:00,UDM,3.18,True
2026-10-07T19:05:09.688780+00:00,NRF,1.66,True
2026-10-07T19:05:09.698293+00:00,AMF,0.88,True
2026-10-07T19:05:09.722503+00:00,SMF,2.94,True
2026-10-07T19:05:09.768417+00:00,UPF,1.07,True
2026-10-07T19:05:09.778806+00:00,NRF,4.15,True
2026-10-07T19:05:09.801763+00:00,AMF,1.18,True
2026-10-07T19:05:09.815152+00:00,SMF,3.04,True
2026-10-07T19:05:09.818481+00:00,UPF,0.98,True
2026-10-07T19:05:09.821274+00:00,PCF,3.98,True
2026-10-07T19:05:09.823154+00:00,UDM,2.34,True
2026-10-07T19:05:16.811739+00:00,NRF,1.62,True
2026-10-07T19:05:16.814281+00:00,AMF,2.96,True
2026-10-07T19:05:16.816802+00:00,SMF,1.16,True
2026-10-07T19:05:16.818825+00:00,UPF,1.42,True
2026-10-07T19:05:16.819824+00:00,NRF,2.56,True
2026-10-07T19:05:16.821556+00:00,AMF,4.09,True
2026-10-07T19:05:16.825590+00:00,SMF,4.78,True
2026-10-07T19:05:16.827112+00:00,UPF,3.13,True
2026-10-07T19:05:16.828133+00:00,PCF,4.9,True
2026-10-07T19:05:16.829130+00:00,UDM,1.07,True
2026-10-07T19:05:22.893327+00:00,NRF,1.71,True
2026-10-07T19:05:22.896714+00:00,AMF,2.95,True
2026-10-07T19:05:22.899086+00:00,SMF,1.49,True
2026-10-07T19:05:22.901481+00:00,UPF,1.68,True
2026-10-07T19:05:22.902742+00:00,NRF,2.49,True
2026-10-07T19:05:22.903391+00:00,AMF,3.95,True
2026-10-07T19:05:22.909404+00:00,SMF,0.53,True
2026-10-07T19:05:22.911173+00:00,UPF,1.74,True
2026-10-07T19:05:22.912162+00:00,PCF,4.31,True
2026-10-07T19:05:22.914174+00:00,UDM,3.68,True
2026-10-07T19:05:31.867924+00:00,NRF,1.08,True
2026-10-07T19:05:31.871434+00:00,AMF,0.89,True
2026-10-07T19:05:31.876734+00:00,SMF,0.58,True
2026-10-07T19:05:31.877757+00:00,UPF,0.87,True
2026-10-07T19:05:31.879767+00:00,NRF,3.68,True
2026-10-07T19:05:31.880755+00:00,AMF,3.1,True
2026-10-07T19:05:31.882754+00:00,SMF,3.97,True
2026-10-07T19:05:31.883759+00:00,UPF,4.32,True
2026-10-07T19:05:31.884764+00:00,PCF,3.33,True
2026-10-07T19:05:31.886756+00:00,UDM,3.17,True
2026-10-07T19:05:38.522678+00:00,NRF,0.59,True
2026-10-07T19:05:38.525676+00:00,AMF,1.09,True
2026-10-07T19:05:38.527678+00:00,SMF,2.46,True
2026-10-07T19:05:38.529676+00:00,UPF,1.72,True
2026-10-07T19:05:38.531674+00:00,NRF,2.57,True
2026-10-07T19:05:38.533280+00:00,AMF,3.72,True
2026-10-07T19:05:38.534436+00:00,SMF,4.42,True
2026-10-07T19:05:38.538157+00:00,UPF,4.24,True
2026-10-07T19:05:38.540614+00:00,PCF,4.76,True
2026-10-07T19:05:38.541846+00:00,UDM,3.92,True
2026-10-07T19:05:45.305329+00:00,NRF,1.1,True
2026-10-07T19:05:45.308353+00:00,AMF,1.17,True
2026-10-07T19:05:45.310349+00:00,SMF,2.76,True
2026-10-07T19:05:45.311350+00:00,UPF,1.9,True
2026-10-07T19:05:45.312347+00:00,NRF,0.93,True
2026-10-07T19:05:45.313345+00:00,AMF,1.61,True
2026-10-07T19:05:45.313345+00:00,SMF,4.99,True
2026-10-07T19:05:45.314345+00:00,UPF,3.49,True
2026-10-07T19:05:45.315346+00:00,PCF,1.36,True
2026-10-07T19:05:45.316344+00:00,UDM,3.65,True
2026-10-07T19:05:50.859454+00:00,NRF,0.78,True
2026-10-07T19:05:50.860454+00:00,AMF,1.96,True
2026-10-07T19:05:50.861453+00:00,SMF,2.55,True
2026-10-07T19:05:50.861453+00:00,UPF,0.95,True
2026-10-07T19:05:50.862453+00:00,NRF,1.21,True
2026-10-07T19:05:50.862453+00:00,AMF,4.22,True
2026-10-07T19:05:50.863468+00:00,SMF,0.84,True
2026-10-07T19:05:50.863468+00:00,UPF,3.6,True
2026-10-07T19:05:50.864455+00:00,PCF,4.58,True
2026-10-07T19:05:50.864455+00:00,UDM,4.47,True
2026-10-07T19:05:56.381290+00:00,NRF,0.92,True
2026-10-07T19:05:56.382946+00:00,AMF,1.28,True
2026-10-07T19:05:56.384027+00:00,SMF,2.15,True
2026-10-07T19:05:56.384831+00:00,UPF,0.67,True
2026-10-07T19:05:56.385849+00:00,NRF,1.36,True
2026-10-07T19:05:56.386451+00:00,AMF,1.02,True
2026-10-07T19:05:56.386999+00:00,SMF,4.11,True
2026-10-07T19:05:56.387549+00:00,UPF,3.21,True
2026-10-07T19:05:56.388092+00:00,PCF,1.12,True
2026-10-07T19:05:56.388635+00:00,UDM,3.18,True
2026-10-07T19:06:01.883703+00:00,NRF,0.78,True
2026-10-07T19:06:01.884784+00:00,AMF,2.06,True
2026-10-07T19:06:01.886786+00:00,SMF,1.03,True
2026-10-07T19:06:01.886786+00:00,UPF,1.56,True
2026-10-07T19:06:01.887784+00:00,NRF,0.61,True
2026-10-07T19:06:01.887784+00:00,AMF,2.98,True
2026-10-07T19:06:01.887784+00:00,SMF,0.77,True
2026-10-07T19:06:01.888785+00:00,UPF,3.45,True
2026-10-07T19:06:01.888785+00:00,PCF,1.83,True
2026-10-07T19:06:01.889787+00:00,UDM,1.76,True
2026-10-07T19:06:07.374958+00:00,NRF,1.79,True
2026-10-07T19:06:07.375973+00:00,AMF,2.94,True
2026-10-07T19:06:07.376974+00:00,SMF,1.65,True
2026-10-07T19:06:07.377969+00:00,UPF,0.53,True
2026-10-07T19:06:07.378969+00:00,NRF,3.86,True
2026-10-07T19:06:07.378969+00:00,AMF,2.93,True
2026-10-07T19:06:07.379970+00:00,SMF,4.03,True
2026-10-07T19:06:07.379970+00:00,UPF,4.37,True
2026-10-07T19:06:07.379970+00:00,PCF,2.15,True
2026-10-07T19:06:07.380970+00:00,UDM,3.15,True
2026-10-07T19:06:12.920647+00:00,NRF,0.73,True
2026-10-07T19:06:12.921656+00:00,AMF,1.95,True
2026-10-07T19:06:12.922654+00:00,SMF,1.43,True
2026-10-07T19:06:12.923656+00:00,UPF,1.6,True
2026-10-07T19:06:12.924659+00:00,NRF,2.32,True
2026-10-07T19:06:12.925694+00:00,AMF,2.02,True
2026-10-07T19:06:12.925694+00:00,SMF,2.19,True
2026-10-07T19:06:12.926690+00:00,UPF,4.0,True
2026-10-07T19:06:12.926690+00:00,PCF,4.28,True
2026-10-07T19:06:12.927656+00:00,UDM,2.49,True
2026-10-07T19:06:18.369874+00:00,NRF,0.55,True
2026-10-07T19:06:18.370874+00:00,AMF,1.48,True
2026-10-07T19:06:18.370874+00:00,SMF,1.85,True
2026-10-07T19:06:18.371874+00:00,UPF,1.0,True
2026-10-07T19:06:18.372876+00:00,NRF,3.54,True
2026-10-07T19:06:18.372876+00:00,AMF,4.41,True
2026-10-07T19:06:18.373874+00:00,SMF,2.8,True
2026-10-07T19:06:18.373874+00:00,UPF,0.74,True
2026-10-07T19:06:18.374872+00:00,PCF,3.44,True
2026-10-07T19:06:18.374872+00:00,UDM,2.26,True
2026-10-07T19:06:24.177743+00:00,NRF,0.77,True
2026-10-07T19:06:24.178314+00:00,AMF,0.54,True
2026-10-07T19:06:24.179327+00:00,SMF,2.65,True
2026-10-07T19:06:24.181142+00:00,UPF,1.13,True
2026-10-07T19:06:24.182275+00:00,NRF,2.28,True
2026-10-07T19:06:24.183275+00:00,AMF,0.59,True
2026-10-07T19:06:24.183275+00:00,SMF,1.52,True
2026-10-07T19:06:24.184275+00:00,UPF,3.64,True
2026-10-07T19:06:24.184275+00:00,PCF,4.4,True
2026-10-07T19:06:24.185275+00:00,UDM,4.03,True
2026-10-07T19:06:29.798861+00:00,NRF,0.98,True
2026-10-07T19:06:29.800859+00:00,AMF,0.92,True
2026-10-07T19:06:29.801858+00:00,SMF,1.62,True
2026-10-07T19:06:29.804381+00:00,UPF,1.09,True
2026-10-07T19:06:29.805398+00:00,NRF,4.87,True
2026-10-07T19:06:29.806397+00:00,AMF,4.71,True
2026-10-07T19:06:29.807399+00:00,SMF,2.54,True
2026-10-07T19:06:29.807399+00:00,UPF,4.89,True
2026-10-07T19:06:29.808402+00:00,PCF,4.21,True
2026-10-07T19:06:29.809396+00:00,UDM,0.63,True
2026-10-07T19:06:35.511117+00:00,NRF,1.81,True
2026-10-07T19:06:35.512616+00:00,AMF,0.95,True
2026-10-07T19:06:35.513692+00:00,SMF,2.01,True
2026-10-07T19:06:35.514687+00:00,UPF,1.06,True
2026-10-07T19:06:35.515695+00:00,NRF,4.14,True
2026-10-07T19:06:35.515695+00:00,AMF,2.51,True
2026-10-07T19:06:35.516690+00:00,SMF,1.81,True
2026-10-07T19:06:35.516690+00:00,UPF,4.66,True
2026-10-07T19:06:35.516690+00:00,PCF,3.72,True
2026-10-07T19:06:35.517689+00:00,UDM,1.98,True
2026-10-07T19:06:41.076042+00:00,NRF,1.54,True
2026-10-07T19:06:41.081584+00:00,AMF,2.63,True
2026-10-07T19:06:41.084317+00:00,SMF,1.01,True
2026-10-07T19:06:41.086004+00:00,UPF,1.99,True
2026-10-07T19:06:41.087149+00:00,NRF,4.04,True
2026-10-07T19:06:41.088275+00:00,AMF,2.93,True
2026-10-07T19:06:41.089965+00:00,SMF,4.84,True
2026-10-07T19:06:41.104598+00:00,UPF,4.21,True
2026-10-07T19:06:41.105890+00:00,PCF,2.43,True
2026-10-07T19:06:41.107035+00:00,UDM,2.49,True
2026-10-07T19:06:47.485777+00:00,NRF,1.31,True
2026-10-07T19:06:47.487914+00:00,AMF,2.27,True
2026-10-07T19:06:47.492140+00:00,SMF,1.34,True
2026-10-07T19:06:47.496463+00:00,UPF,0.61,True
2026-10-07T19:06:47.499301+00:00,NRF,4.93,True
2026-10-07T19:06:47.501039+00:00,AMF,4.27,True
2026-10-07T19:06:47.505060+00:00,SMF,2.07,True
2026-10-07T19:06:47.509061+00:00,UPF,2.73,True
2026-10-07T19:06:47.512929+00:00,PCF,3.09,True
2026-10-07T19:06:47.516764+00:00,UDM,1.72,True
2026-10-07T19:06:54.157394+00:00,NRF,1.11,True
2026-10-07T19:06:54.160394+00:00,AMF,1.28,True
2026-10-07T19:06:54.162395+00:00,SMF,1.56,True
2026-10-07T19:06:54.164404+00:00,UPF,1.4,True
2026-10-07T19:06:54.165396+00:00,NRF,3.97,True
2026-10-07T19:06:54.165396+00:00,AMF,1.89,True
2026-10-07T19:06:54.167928+00:00,SMF,2.76,True
2026-10-07T19:06:54.168934+00:00,UPF,2.54,True
2026-10-07T19:06:54.169928+00:00,PCF,1.05,True
2026-10-07T19:06:54.170928+00:00,UDM,1.07,True
2026-10-07T19:06:59.993049+00:00,NRF,1.95,True
2026-10-07T19:06:59.995565+00:00,AMF,2.56,True
2026-10-07T19:06:59.998100+00:00,SMF,1.54,True
2026-10-07T19:06:59.999120+00:00,UPF,1.09,True
2026-10-07T19:07:00.001123+00:00,NRF,3.64,True
2026-10-07T19:07:00.002125+00:00,AMF,2.03,True
2026-10-07T19:07:00.004670+00:00,SMF,0.63,True
2026-10-07T19:07:00.005667+00:00,UPF,1.2,True
2026-10-07T19:07:00.008207+00:00,PCF,2.84,True
2026-10-07T19:07:00.009612+00:00,UDM,2.97,True
2026-10-07T19:07:05.973398+00:00,NRF,0.74,True
2026-10-07T19:07:05.975006+00:00,AMF,2.98,True
2026-10-07T19:07:05.976233+00:00,SMF,0.63,True
2026-10-07T19:07:05.977960+00:00,UPF,0.86,True
2026-10-07T19:07:05.978975+00:00,NRF,2.65,True
2026-10-07T19:07:05.979972+00:00,AMF,3.73,True
2026-10-07T19:07:05.979972+00:00,SMF,0.78,True
2026-10-07T19:07:05.980974+00:00,UPF,0.65,True
2026-10-07T19:07:05.980974+00:00,PCF,0.96,True
2026-10-07T19:07:05.981974+00:00,UDM,4.31,True
2026-10-07T19:07:11.522056+00:00,NRF,0.83,True
2026-10-07T19:07:11.523084+00:00,AMF,1.15,True
2026-10-07T19:07:11.525065+00:00,SMF,1.17,True
2026-10-07T19:07:11.526070+00:00,UPF,1.61,True
2026-10-07T19:07:11.527070+00:00,NRF,3.98,True
2026-10-07T19:07:11.527070+00:00,AMF,3.48,True
2026-10-07T19:07:11.528090+00:00,SMF,3.06,True
2026-10-07T19:07:11.529072+00:00,UPF,3.26,True
2026-10-07T19:07:11.529072+00:00,PCF,3.64,True
2026-10-07T19:07:11.529072+00:00,UDM,4.56,True
2026-10-07T19:07:16.993918+00:00,NRF,1.77,True
2026-10-07T19:07:16.994920+00:00,AMF,0.53,True
2026-10-07T19:07:16.995928+00:00,SMF,0.65,True
2026-10-07T19:07:16.996918+00:00,UPF,0.61,True
2026-10-07T19:07:16.996918+00:00,NRF,4.78,True
2026-10-07T19:07:16.997919+00:00,AMF,1.44,True
2026-10-07T19:07:16.997919+00:00,SMF,2.98,True
2026-10-07T19:07:16.998919+00:00,UPF,2.27,True
2026-10-07T19:07:16.998919+00:00,PCF,3.73,True
2026-10-07T19:07:16.998919+00:00,UDM,4.99,True
2026-10-07T19:07:22.449400+00:00,NRF,1.1,True
2026-10-07T19:07:22.450402+00:00,AMF,0.7,True
2026-10-07T19:07:22.451402+00:00,SMF,2.64,True
2026-10-07T19:07:22.452421+00:00,UPF,0.84,True
2026-10-07T19:07:22.453407+00:00,NRF,1.46,True
2026-10-07T19:07:22.453407+00:00,AMF,0.81,True
2026-10-07T19:07:22.453407+00:00,SMF,4.94,True
2026-10-07T19:07:22.454407+00:00,UPF,1.02,True
2026-10-07T19:07:22.454407+00:00,PCF,4.3,True
2026-10-07T19:07:22.455406+00:00,UDM,3.92,True
2026-10-07T19:07:27.905748+00:00,NRF,1.85,True
2026-10-07T19:07:27.906800+00:00,AMF,1.59,True
2026-10-07T19:07:27.908810+00:00,SMF,2.18,True
2026-10-07T19:07:27.909809+00:00,UPF,1.22,True
2026-10-07T19:07:27.910811+00:00,NRF,1.15,True
2026-10-07T19:07:27.910811+00:00,AMF,2.63,True
2026-10-07T19:07:27.910811+00:00,SMF,1.73,True
2026-10-07T19:07:27.911812+00:00,UPF,2.6,True
2026-10-07T19:07:27.912811+00:00,PCF,2.32,True
2026-10-07T19:07:27.912811+00:00,UDM,2.29,True
2026-10-07T19:07:33.559057+00:00,NRF,1.14,True
2026-10-07T19:07:33.560055+00:00,AMF,2.2,True
2026-10-07T19:07:33.561058+00:00,SMF,2.74,True
2026-10-07T19:07:33.562068+00:00,UPF,0.71,True
2026-10-07T19:07:33.562068+00:00,NRF,4.14,True
2026-10-07T19:07:33.563058+00:00,AMF,2.83,True
2026-10-07T19:07:33.563058+00:00,SMF,1.42,True
2026-10-07T19:07:33.564056+00:00,UPF,3.47,True
2026-10-07T19:07:33.564056+00:00,PCF,2.38,True
2026-10-07T19:07:33.564056+00:00,UDM,1.17,True
2026-10-07T19:07:39.209827+00:00,NRF,1.57,True
2026-10-07T19:07:39.211971+00:00,AMF,1.17,True
2026-10-07T19:07:39.216007+00:00,SMF,1.54,True
2026-10-07T19:07:39.217620+00:00,UPF,1.72,True
2026-10-07T19:07:39.219228+00:00,NRF,3.1,True
2026-10-07T19:07:39.220373+00:00,AMF,3.93,True
2026-10-07T19:07:39.222245+00:00,SMF,4.81,True
2026-10-07T19:07:39.222831+00:00,UPF,1.83,True
2026-10-07T19:07:39.224980+00:00,PCF,2.41,True
2026-10-07T19:07:39.226118+00:00,UDM,2.87,True
2026-10-07T19:07:44.890924+00:00,NRF,1.54,True
2026-10-07T19:07:44.892920+00:00,AMF,0.88,True
2026-10-07T19:07:44.893919+00:00,SMF,0.66,True
2026-10-07T19:07:44.894919+00:00,UPF,0.77,True
2026-10-07T19:07:44.895921+00:00,NRF,2.22,True
2026-10-07T19:07:44.895921+00:00,AMF,3.41,True
2026-10-07T19:07:44.895921+00:00,SMF,3.39,True
2026-10-07T19:07:44.896921+00:00,UPF,2.86,True
2026-10-07T19:07:44.896921+00:00,PCF,2.42,True
2026-10-07T19:07:44.897920+00:00,UDM,2.29,True
2026-10-07T19:07:50.436154+00:00,NRF,1.3,True
2026-10-07T19:07:50.438246+00:00,AMF,1.89,True
2026-10-07T19:07:50.440234+00:00,SMF,2.91,True
2026-10-07T19:07:50.441234+00:00,UPF,1.0,True
2026-10-07T19:07:50.442235+00:00,NRF,3.48,True
2026-10-07T19:07:50.443235+00:00,AMF,4.1,True
2026-10-07T19:07:50.444235+00:00,SMF,1.21,True
2026-10-07T19:07:50.445242+00:00,UPF,1.95,True
2026-10-07T19:07:50.446234+00:00,PCF,3.17,True
2026-10-07T19:07:50.447234+00:00,UDM,2.3,True
2026-10-07T19:07:56.378843+00:00,NRF,1.62,True
2026-10-07T19:07:56.379809+00:00,AMF,2.58,True
2026-10-07T19:07:56.380807+00:00,SMF,2.26,True
2026-10-07T19:07:56.381349+00:00,UPF,1.27,True
2026-10-07T19:07:56.382359+00:00,NRF,4.48,True
2026-10-07T19:07:56.383358+00:00,AMF,2.03,True
2026-10-07T19:07:56.383358+00:00,SMF,1.74,True
2026-10-07T19:07:56.384370+00:00,UPF,2.09,True
2026-10-07T19:07:56.384370+00:00,PCF,2.54,True
2026-10-07T19:07:56.385275+00:00,UDM,3.2,True
2026-10-07T19:08:01.840032+00:00,NRF,1.07,True
2026-10-07T19:08:01.841122+00:00,AMF,0.73,True
2026-10-07T19:08:01.842209+00:00,SMF,1.25,True
2026-10-07T19:08:01.843867+00:00,UPF,1.26,True
2026-10-07T19:08:01.844416+00:00,NRF,1.25,True
2026-10-07T19:08:01.844973+00:00,AMF,4.33,True
2026-10-07T19:08:01.845524+00:00,SMF,2.7,True
2026-10-07T19:08:01.846067+00:00,UPF,3.78,True
2026-10-07T19:08:01.846618+00:00,PCF,2.0,True
2026-10-07T19:08:01.847146+00:00,UDM,1.98,True
2026-10-07T19:08:07.302876+00:00,NRF,1.91,True
2026-10-07T19:08:07.303846+00:00,AMF,1.93,True
2026-10-07T19:08:07.304844+00:00,SMF,2.93,True
2026-10-07T19:08:07.305842+00:00,UPF,1.68,True
2026-10-07T19:08:07.305842+00:00,NRF,0.9,True
2026-10-07T19:08:07.306841+00:00,AMF,3.56,True
2026-10-07T19:08:07.306841+00:00,SMF,3.61,True
2026-10-07T19:08:07.307838+00:00,UPF,1.92,True
2026-10-07T19:08:07.307838+00:00,PCF,2.25,True
2026-10-07T19:08:07.308844+00:00,UDM,1.44,True
2026-10-07T19:08:12.774656+00:00,NRF,0.77,True
2026-10-07T19:08:12.774656+00:00,AMF,2.19,True
2026-10-07T19:08:12.775663+00:00,SMF,1.37,True
2026-10-07T19:08:12.776656+00:00,UPF,0.8,True
2026-10-07T19:08:12.777656+00:00,NRF,1.48,True
2026-10-07T19:08:12.777656+00:00,AMF,1.32,True
2026-10-07T19:08:12.778655+00:00,SMF,0.61,True
2026-10-07T19:08:12.778655+00:00,UPF,4.71,True
2026-10-07T19:08:12.779654+00:00,PCF,0.78,True
2026-10-07T19:08:12.779654+00:00,UDM,0.67,True
2026-10-07T19:08:18.228002+00:00,NRF,1.2,True
2026-10-07T19:08:18.230002+00:00,AMF,2.77,True
2026-10-07T19:08:18.230999+00:00,SMF,2.74,True
2026-10-07T19:08:18.232001+00:00,UPF,1.45,True
2026-10-07T19:08:18.233029+00:00,NRF,3.84,True
2026-10-07T19:08:18.233029+00:00,AMF,4.71,True
2026-10-07T19:08:18.234005+00:00,SMF,4.11,True
2026-10-07T19:08:18.234005+00:00,UPF,2.29,True
2026-10-07T19:08:18.234005+00:00,PCF,2.96,True
2026-10-07T19:08:18.235002+00:00,UDM,0.87,True
2026-10-07T19:08:23.773401+00:00,NRF,1.78,True
2026-10-07T19:08:23.774434+00:00,AMF,1.25,True
2026-10-07T19:08:23.775408+00:00,SMF,2.87,True
2026-10-07T19:08:23.777397+00:00,UPF,0.71,True
2026-10-07T19:08:23.778398+00:00,NRF,3.22,True
2026-10-07T19:08:23.778398+00:00,AMF,2.45,True
2026-10-07T19:08:23.779396+00:00,SMF,2.88,True
2026-10-07T19:08:23.780401+00:00,UPF,3.75,True
2026-10-07T19:08:23.781396+00:00,PCF,2.59,True
2026-10-07T19:08:23.781396+00:00,UDM,0.95,True
2026-10-07T19:08:29.256794+00:00,NRF,1.6,True
2026-10-07T19:08:29.257757+00:00,AMF,2.26,True
2026-10-07T19:08:29.258758+00:00,SMF,1.94,True
2026-10-07T19:08:29.259758+00:00,UPF,1.39,True
2026-10-07T19:08:29.259758+00:00,NRF,0.57,True
2026-10-07T19:08:29.260758+00:00,AMF,1.83,True
2026-10-07T19:08:29.260758+00:00,SMF,2.23,True
2026-10-07T19:08:29.261756+00:00,UPF,1.37,True
2026-10-07T19:08:29.261756+00:00,PCF,2.45,True
2026-10-07T19:08:29.261756+00:00,UDM,3.99,True
2026-10-07T19:08:34.713029+00:00,NRF,1.73,True
2026-10-07T19:08:34.714538+00:00,AMF,2.62,True
2026-10-07T19:08:34.716070+00:00,SMF,2.15,True
2026-10-07T19:08:34.717085+00:00,UPF,1.46,True
2026-10-07T19:08:34.718084+00:00,NRF,4.7,True
2026-10-07T19:08:34.718084+00:00,AMF,3.07,True
2026-10-07T19:08:34.719086+00:00,SMF,2.27,True
2026-10-07T19:08:34.719086+00:00,UPF,3.07,True
2026-10-07T19:08:34.720084+00:00,PCF,4.26,True
2026-10-07T19:08:34.720084+00:00,UDM,2.12,True
2026-10-07T19:08:40.258275+00:00,NRF,0.57,True
2026-10-07T19:08:40.261273+00:00,AMF,1.2,True
2026-10-07T19:08:40.262801+00:00,SMF,1.83,True
2026-10-07T19:08:40.265549+00:00,UPF,1.82,True
2026-10-07T19:08:40.266575+00:00,NRF,3.9,True
2026-10-07T19:08:40.268596+00:00,AMF,1.25,True
2026-10-07T19:08:40.269589+00:00,SMF,1.33,True
2026-10-07T19:08:40.270590+00:00,UPF,3.37,True
2026-10-07T19:08:40.273146+00:00,PCF,0.8,True
2026-10-07T19:08:40.274511+00:00,UDM,3.24,True
2026-10-07T19:08:46.005570+00:00,NRF,0.87,True
2026-10-07T19:08:46.006570+00:00,AMF,1.1,True
2026-10-07T19:08:46.007571+00:00,SMF,1.3,True
2026-10-07T19:08:46.008568+00:00,UPF,1.0,True
2026-10-07T19:08:46.010567+00:00,NRF,1.58,True
2026-10-07T19:08:46.010567+00:00,AMF,3.06,True
2026-10-07T19:08:46.012220+00:00,SMF,2.89,True
2026-10-07T19:08:46.013293+00:00,UPF,3.21,True
2026-10-07T19:08:46.014282+00:00,PCF,2.36,True
2026-10-07T19:08:46.014282+00:00,UDM,1.45,True
2026-10-07T19:08:51.815122+00:00,NRF,1.7,True
2026-10-07T19:08:51.817116+00:00,AMF,1.17,True
2026-10-07T19:08:51.818661+00:00,SMF,2.52,True
2026-10-07T19:08:51.820658+00:00,UPF,1.37,True
2026-10-07T19:08:51.820658+00:00,NRF,3.92,True
2026-10-07T19:08:51.821660+00:00,AMF,4.52,True
2026-10-07T19:08:51.822990+00:00,SMF,0.63,True
2026-10-07T19:08:51.823656+00:00,UPF,1.18,True
2026-10-07T19:08:51.824657+00:00,PCF,1.0,True
2026-10-07T19:08:51.825654+00:00,UDM,3.85,True
2026-10-07T19:08:57.890496+00:00,NRF,1.87,True
2026-10-07T19:08:57.892520+00:00,AMF,1.14,True
2026-10-07T19:08:57.897513+00:00,SMF,1.41,True
2026-10-07T19:08:57.899513+00:00,UPF,1.1,True
2026-10-07T19:08:57.900513+00:00,NRF,4.15,True
2026-10-07T19:08:57.902515+00:00,AMF,3.76,True
2026-10-07T19:08:57.903515+00:00,SMF,4.36,True
2026-10-07T19:08:57.904514+00:00,UPF,4.96,True
2026-10-07T19:08:57.906519+00:00,PCF,1.23,True
2026-10-07T19:08:57.907522+00:00,UDM,4.13,True
2026-10-07T19:09:03.919484+00:00,NRF,1.72,True
2026-10-07T19:09:03.923842+00:00,AMF,2.65,True
2026-10-07T19:09:03.927788+00:00,SMF,2.18,True
2026-10-07T19:09:03.929877+00:00,UPF,0.63,True
2026-10-07T19:09:03.931738+00:00,NRF,4.02,True
2026-10-07T19:09:03.934100+00:00,AMF,3.54,True
2026-10-07T19:09:03.935826+00:00,SMF,4.51,True
2026-10-07T19:09:03.936834+00:00,UPF,4.72,True
2026-10-07T19:09:03.939825+00:00,PCF,1.33,True
2026-10-07T19:09:03.941825+00:00,UDM,2.64,True
2026-10-07T19:09:10.523656+00:00,NRF,1.57,True
2026-10-07T19:09:10.525729+00:00,AMF,1.83,True
2026-10-07T19:09:10.528294+00:00,SMF,2.8,True
2026-10-07T19:09:10.531140+00:00,UPF,1.66,True
2026-10-07T19:09:10.532788+00:00,NRF,2.23,True
2026-10-07T19:09:10.532788+00:00,AMF,1.83,True
2026-10-07T19:09:10.534445+00:00,SMF,2.95,True
2026-10-07T19:09:10.536142+00:00,UPF,1.04,True
2026-10-07T19:09:10.537814+00:00,PCF,1.38,True
2026-10-07T19:09:10.539527+00:00,UDM,2.76,True
2026-10-07T19:09:17.044941+00:00,NRF,1.67,True
2026-10-07T19:09:17.048407+00:00,AMF,1.56,True
2026-10-07T19:09:17.051570+00:00,SMF,2.74,True
2026-10-07T19:09:17.055882+00:00,UPF,1.37,True
2026-10-07T19:09:17.058462+00:00,NRF,2.77,True
2026-10-07T19:09:17.061245+00:00,AMF,4.6,True
2026-10-07T19:09:17.065833+00:00,SMF,3.31,True
2026-10-07T19:09:17.069708+00:00,UPF,2.38,True
2026-10-07T19:09:17.072251+00:00,PCF,0.96,True
2026-10-07T19:09:17.080780+00:00,UDM,3.41,True
2026-10-07T19:09:23.667466+00:00,NRF,1.73,True
2026-10-07T19:09:23.669504+00:00,AMF,1.59,True
2026-10-07T19:09:23.670513+00:00,SMF,0.58,True
2026-10-07T19:09:23.672639+00:00,UPF,1.46,True
2026-10-07T19:09:23.674078+00:00,NRF,2.0,True
2026-10-07T19:09:23.675188+00:00,AMF,2.23,True
2026-10-07T19:09:23.676188+00:00,SMF,4.22,True
2026-10-07T19:09:23.677189+00:00,UPF,4.5,True
2026-10-07T19:09:23.678187+00:00,PCF,2.22,True
2026-10-07T19:09:23.678187+00:00,UDM,1.15,True
2026-10-07T19:09:29.369859+00:00,NRF,1.58,True
2026-10-07T19:09:29.373700+00:00,AMF,1.14,True
2026-10-07T19:09:29.376098+00:00,SMF,2.01,True
2026-10-07T19:09:29.377758+00:00,UPF,1.65,True
2026-10-07T19:09:29.379465+00:00,NRF,2.49,True
2026-10-07T19:09:29.381184+00:00,AMF,2.32,True
2026-10-07T19:09:29.382894+00:00,SMF,1.98,True
2026-10-07T19:09:29.384594+00:00,UPF,3.56,True
2026-10-07T19:09:29.384594+00:00,PCF,0.69,True
2026-10-07T19:09:29.386910+00:00,UDM,3.27,True
2026-10-07T19:09:36.045023+00:00,NRF,1.41,True
2026-10-07T19:09:36.048754+00:00,AMF,1.4,True
2026-10-07T19:09:36.052790+00:00,SMF,2.36,True
2026-10-07T19:09:36.054936+00:00,UPF,1.74,True
2026-10-07T19:09:36.058532+00:00,NRF,2.75,True
2026-10-07T19:09:36.061053+00:00,AMF,2.92,True
2026-10-07T19:09:36.063092+00:00,SMF,3.48,True
2026-10-07T19:09:36.064962+00:00,UPF,3.06,True
2026-10-07T19:09:36.066837+00:00,PCF,4.35,True
2026-10-07T19:09:36.070137+00:00,UDM,1.51,True
2026-10-07T19:09:43.019773+00:00,NRF,1.04,True
2026-10-07T19:09:43.027773+00:00,AMF,2.94,True
2026-10-07T19:09:43.029315+00:00,SMF,2.04,True
2026-10-07T19:09:43.031319+00:00,UPF,1.45,True
2026-10-07T19:09:43.036316+00:00,NRF,3.36,True
2026-10-07T19:09:43.040880+00:00,AMF,3.97,True
2026-10-07T19:09:43.043355+00:00,SMF,2.35,True
2026-10-07T19:09:43.045898+00:00,UPF,4.77,True
2026-10-07T19:09:43.047896+00:00,PCF,3.15,True
2026-10-07T19:09:43.048897+00:00,UDM,3.28,True
2026-10-07T19:09:49.591300+00:00,NRF,0.56,True
2026-10-07T19:09:49.595673+00:00,AMF,2.95,True
2026-10-07T19:09:49.597670+00:00,SMF,2.02,True
2026-10-07T19:09:49.602672+00:00,UPF,1.38,True
2026-10-07T19:09:49.608429+00:00,NRF,4.23,True
2026-10-07T19:09:49.609429+00:00,AMF,0.96,True
2026-10-07T19:09:49.611425+00:00,SMF,2.56,True
2026-10-07T19:09:49.612428+00:00,UPF,4.69,True
2026-10-07T19:09:49.614433+00:00,PCF,4.08,True
2026-10-07T19:09:49.615428+00:00,UDM,1.14,True
2026-10-07T19:09:55.801705+00:00,NRF,1.5,True
2026-10-07T19:09:55.804710+00:00,AMF,1.17,True
2026-10-07T19:09:55.807713+00:00,SMF,1.5,True
2026-10-07T19:09:55.810459+00:00,UPF,1.19,True
2026-10-07T19:09:55.811684+00:00,NRF,3.26,True
2026-10-07T19:09:55.812706+00:00,AMF,4.48,True
2026-10-07T19:09:55.825530+00:00,SMF,0.55,True
2026-10-07T19:09:55.828391+00:00,UPF,1.34,True
2026-10-07T19:09:55.829898+00:00,PCF,4.55,True
2026-10-07T19:09:55.832026+00:00,UDM,1.58,True
2026-10-07T19:10:02.397742+00:00,NRF,1.36,True
2026-10-07T19:10:02.401743+00:00,AMF,2.65,True
2026-10-07T19:10:02.402743+00:00,SMF,0.75,True
2026-10-07T19:10:02.404754+00:00,UPF,1.61,True
2026-10-07T19:10:02.406743+00:00,NRF,3.15,True
2026-10-07T19:10:02.408744+00:00,AMF,1.59,True
2026-10-07T19:10:02.411297+00:00,SMF,3.61,True
2026-10-07T19:10:02.415316+00:00,UPF,2.53,True
2026-10-07T19:10:02.417295+00:00,PCF,4.43,True
2026-10-07T19:10:02.419299+00:00,UDM,0.67,True
2026-10-07T19:10:08.751571+00:00,NRF,1.6,True
2026-10-07T19:10:08.756569+00:00,AMF,2.87,True
2026-10-07T19:10:08.759567+00:00,SMF,1.8,True
2026-10-07T19:10:08.762567+00:00,UPF,0.61,True
2026-10-07T19:10:08.763579+00:00,NRF,4.12,True
2026-10-07T19:10:08.765569+00:00,AMF,1.09,True
2026-10-07T19:10:08.766962+00:00,SMF,0.95,True
2026-10-07T19:10:08.770549+00:00,UPF,2.95,True
2026-10-07T19:10:08.773101+00:00,PCF,1.35,True
2026-10-07T19:10:08.775103+00:00,UDM,2.79,True
2026-10-07T19:10:15.354555+00:00,NRF,0.83,True
2026-10-07T19:10:15.357174+00:00,AMF,2.98,True
2026-10-07T19:10:15.359779+00:00,SMF,0.79,True
2026-10-07T19:10:15.361777+00:00,UPF,0.83,True
2026-10-07T19:10:15.365089+00:00,NRF,2.72,True
2026-10-07T19:10:15.373858+00:00,AMF,3.0,True
2026-10-07T19:10:15.379061+00:00,SMF,2.02,True
2026-10-07T19:10:15.382696+00:00,UPF,4.06,True
2026-10-07T19:10:15.392773+00:00,PCF,4.43,True
2026-10-07T19:10:15.395605+00:00,UDM,2.28,True
2026-10-07T19:10:21.723285+00:00,NRF,0.54,True
2026-10-07T19:10:21.728275+00:00,AMF,1.19,True
2026-10-07T19:10:21.739949+00:00,SMF,0.84,True
2026-10-07T19:10:21.743945+00:00,UPF,0.73,True
2026-10-07T19:10:21.746948+00:00,NRF,3.81,True
2026-10-07T19:10:21.748528+00:00,AMF,2.45,True
2026-10-07T19:10:21.752674+00:00,SMF,1.53,True
2026-10-07T19:10:21.754675+00:00,UPF,2.73,True
2026-10-07T19:10:21.757670+00:00,PCF,3.04,True
2026-10-07T19:10:21.760674+00:00,UDM,0.93,True
2026-10-07T19:10:28.400972+00:00,NRF,1.81,True
2026-10-07T19:10:28.402978+00:00,AMF,1.0,True
2026-10-07T19:10:28.404971+00:00,SMF,1.69,True
2026-10-07T19:10:28.407972+00:00,UPF,1.16,True
2026-10-07T19:10:28.408969+00:00,NRF,4.36,True
2026-10-07T19:10:28.409481+00:00,AMF,2.3,True
2026-10-07T19:10:28.410496+00:00,SMF,4.7,True
2026-10-07T19:10:28.411497+00:00,UPF,3.76,True
2026-10-07T19:10:28.412941+00:00,PCF,1.56,True
2026-10-07T19:10:28.413953+00:00,UDM,4.15,True
2026-10-07T19:10:34.527263+00:00,NRF,0.74,True
2026-10-07T19:10:34.534813+00:00,AMF,2.27,True
2026-10-07T19:10:34.540621+00:00,SMF,2.81,True
2026-10-07T19:10:34.543656+00:00,UPF,1.29,True
2026-10-07T19:10:34.545656+00:00,NRF,3.92,True
2026-10-07T19:10:34.550711+00:00,AMF,0.55,True
2026-10-07T19:10:34.553012+00:00,SMF,1.71,True
2026-10-07T19:10:34.554399+00:00,UPF,4.08,True
2026-10-07T19:10:34.555612+00:00,PCF,0.69,True
2026-10-07T19:10:34.558607+00:00,UDM,1.17,True
2026-10-07T19:10:41.395656+00:00,NRF,1.56,True
2026-10-07T19:10:41.400352+00:00,AMF,0.97,True
2026-10-07T19:10:41.404462+00:00,SMF,0.66,True
2026-10-07T19:10:41.406996+00:00,UPF,1.34,True
2026-10-07T19:10:41.412275+00:00,NRF,4.73,True
2026-10-07T19:10:41.415269+00:00,AMF,1.11,True
2026-10-07T19:10:41.418265+00:00,SMF,2.48,True
2026-10-07T19:10:41.419266+00:00,UPF,1.76,True
2026-10-07T19:10:41.420783+00:00,PCF,1.42,True
2026-10-07T19:10:41.422334+00:00,UDM,4.65,True
2026-10-07T19:10:47.737484+00:00,NRF,15.188,False
2026-10-07T19:10:47.747071+00:00,AMF,7.945,False
2026-10-07T19:10:47.756520+00:00,SMF,7.35,False
2026-10-07T19:10:47.825916+00:00,UPF,14.327,True
2026-10-07T19:10:47.849630+00:00,NRF,12.509,False
2026-10-07T19:10:47.869818+00:00,AMF,15.29,False
2026-10-07T19:10:47.879581+00:00,SMF,7.336,False
2026-10-07T19:10:47.894552+00:00,UPF,10.774,True
2026-10-07T19:10:50.063529+00:00,PCF,2042.151,False
2026-10-07T19:10:50.074433+00:00,UDM,8.269,False
2026-10-07T19:10:56.794270+00:00,NRF,25.034,False
2026-10-07T19:10:56.800330+00:00,AMF,3.775,False
2026-10-07T19:10:56.804855+00:00,SMF,3.482,False
2026-10-07T19:10:56.810916+00:00,UPF,4.533,True
2026-10-07T19:10:56.817103+00:00,NRF,4.953,False
2026-10-07T19:10:56.822131+00:00,AMF,3.614,False
2026-10-07T19:10:56.827149+00:00,SMF,4.074,False
2026-10-07T19:10:56.836285+00:00,UPF,7.214,True
2026-10-07T19:10:58.873443+00:00,PCF,2036.381,False
2026-10-07T19:10:58.884104+00:00,UDM,8.012,False
2026-10-07T19:11:04.895387+00:00,NRF,8.579,False
2026-10-07T19:11:04.903882+00:00,AMF,5.541,False
2026-10-07T19:11:04.911900+00:00,SMF,7.037,False
2026-10-07T19:11:04.923701+00:00,UPF,10.064,True
2026-10-07T19:11:04.957273+00:00,NRF,20.476,False
2026-10-07T19:11:04.968391+00:00,AMF,8.034,False
2026-10-07T19:11:04.978112+00:00,SMF,7.885,False
2026-10-07T19:11:04.989894+00:00,UPF,8.929,True
2026-10-07T19:11:07.042072+00:00,PCF,2051.384,False
2026-10-07T19:11:07.049545+00:00,UDM,5.054,False
2026-10-07T19:11:13.246361+00:00,NRF,7.337,False
2026-10-07T19:11:13.254501+00:00,AMF,5.347,False
2026-10-07T19:11:13.260903+00:00,SMF,4.915,False
2026-10-07T19:11:13.271410+00:00,UPF,8.29,True
2026-10-07T19:11:13.284085+00:00,NRF,8.963,False
2026-10-07T19:11:13.291917+00:00,AMF,6.095,False
2026-10-07T19:11:13.302840+00:00,SMF,8.186,False
2026-10-07T19:11:13.317689+00:00,UPF,10.584,True
2026-10-07T19:11:15.363366+00:00,PCF,2044.408,False
2026-10-07T19:11:15.379701+00:00,UDM,14.578,False
2026-10-07T19:11:21.156922+00:00,NRF,12.807,False
2026-10-07T19:11:21.166324+00:00,AMF,7.433,False
2026-10-07T19:11:21.193541+00:00,SMF,23.789,False
2026-10-07T19:11:21.256983+00:00,UPF,56.512,True
2026-10-07T19:11:21.316984+00:00,NRF,56.194,False
2026-10-07T19:11:21.350674+00:00,AMF,31.192,False
2026-10-07T19:11:21.375940+00:00,SMF,21.396,False
2026-10-07T19:11:21.436776+00:00,UPF,54.074,True
2026-10-07T19:11:21.978555+00:00,PCF,533.984,False
2026-10-07T19:11:21.990089+00:00,UDM,8.549,False
2026-10-07T19:11:27.059273+00:00,NRF,1.2,True
2026-10-07T19:11:27.062271+00:00,AMF,1.41,True
2026-10-07T19:11:27.065777+00:00,SMF,0.58,True
2026-10-07T19:11:27.068791+00:00,UPF,0.58,True
2026-10-07T19:11:27.070372+00:00,NRF,1.97,True
2026-10-07T19:11:27.072372+00:00,AMF,1.25,True
2026-10-07T19:11:27.074379+00:00,SMF,4.69,True
2026-10-07T19:11:27.087700+00:00,UPF,3.19,True
2026-10-07T19:11:27.098377+00:00,PCF,4.18,True
2026-10-07T19:11:27.099565+00:00,UDM,0.97,True
2026-10-07T19:11:34.010244+00:00,NRF,1.79,True
2026-10-07T19:11:34.012250+00:00,AMF,0.81,True
2026-10-07T19:11:34.014248+00:00,SMF,1.9,True
2026-10-07T19:11:34.016244+00:00,UPF,1.05,True
2026-10-07T19:11:34.018250+00:00,NRF,2.43,True
2026-10-07T19:11:34.020770+00:00,AMF,0.92,True
2026-10-07T19:11:34.022820+00:00,SMF,2.65,True
2026-10-07T19:11:34.025809+00:00,UPF,3.62,True
2026-10-07T19:11:34.027808+00:00,PCF,4.12,True
2026-10-07T19:11:34.029813+00:00,UDM,3.36,True
2026-10-07T19:11:40.677917+00:00,NRF,1.94,True
2026-10-07T19:11:40.680933+00:00,AMF,2.95,True
2026-10-07T19:11:40.682923+00:00,SMF,0.94,True
2026-10-07T19:11:40.686037+00:00,UPF,1.26,True
2026-10-07T19:11:40.687044+00:00,NRF,2.18,True
2026-10-07T19:11:40.688040+00:00,AMF,1.79,True
2026-10-07T19:11:40.691036+00:00,SMF,0.68,True
2026-10-07T19:11:40.692046+00:00,UPF,1.51,True
2026-10-07T19:11:40.694033+00:00,PCF,4.31,True
2026-10-07T19:11:40.695040+00:00,UDM,1.62,True
2026-10-07T19:11:51.345099+00:00,NRF,14.895,False
2026-10-07T19:11:51.350285+00:00,AMF,3.844,False
2026-10-07T19:11:51.356481+00:00,SMF,5.362,False
2026-10-07T19:11:51.364600+00:00,UPF,6.14,True
2026-10-07T19:11:51.369609+00:00,NRF,3.763,False
2026-10-07T19:11:51.375560+00:00,AMF,4.558,False
2026-10-07T19:11:51.381292+00:00,SMF,4.263,False
2026-10-07T19:11:51.403154+00:00,UPF,19.581,True
2026-10-07T19:11:53.451263+00:00,PCF,2046.618,False
2026-10-07T19:11:53.462885+00:00,UDM,7.997,False
2026-10-07T19:12:00.419864+00:00,NRF,13.993,False
2026-10-07T19:12:00.432539+00:00,AMF,8.248,False
2026-10-07T19:12:00.453589+00:00,SMF,18.694,False
2026-10-07T19:12:00.479692+00:00,UPF,19.114,True
2026-10-07T19:12:00.496867+00:00,NRF,12.885,False
2026-10-07T19:12:00.508577+00:00,AMF,10.107,False
2026-10-07T19:12:00.519471+00:00,SMF,8.057,False
2026-10-07T19:12:00.542235+00:00,UPF,11.644,True
2026-10-07T19:12:02.600855+00:00,PCF,2056.186,False
2026-10-07T19:12:02.608824+00:00,UDM,5.601,False
2026-10-07T19:12:08.683033+00:00,NRF,10.562,False
2026-10-07T19:12:08.694290+00:00,AMF,7.734,False
2026-10-07T19:12:08.706885+00:00,SMF,10.521,False
2026-10-07T19:12:08.724647+00:00,UPF,14.173,True
2026-10-07T19:12:08.743725+00:00,NRF,15.407,False
2026-10-07T19:12:08.773765+00:00,AMF,26.655,False
2026-10-07T19:12:08.784600+00:00,SMF,8.038,False
2026-10-07T19:12:08.807122+00:00,UPF,17.16,True
2026-10-07T19:12:10.847466+00:00,PCF,2036.894,False
2026-10-07T19:12:10.856416+00:00,UDM,7.568,False
2026-10-07T19:12:16.897297+00:00,NRF,8.247,False
2026-10-07T19:12:16.906245+00:00,AMF,6.942,False
2026-10-07T19:12:16.913544+00:00,SMF,5.292,False
2026-10-07T19:12:16.924892+00:00,UPF,8.361,True
2026-10-07T19:12:16.932353+00:00,NRF,5.796,False
2026-10-07T19:12:16.945150+00:00,AMF,11.137,False
2026-10-07T19:12:16.959141+00:00,SMF,10.456,False
2026-10-07T19:12:16.973299+00:00,UPF,12.233,True
2026-10-07T19:12:18.994783+00:00,PCF,2020.182,False
2026-10-07T19:12:19.002851+00:00,UDM,6.331,False
2026-10-07T19:12:25.268033+00:00,NRF,7.739,False
2026-10-07T19:12:25.273889+00:00,AMF,4.576,False
2026-10-07T19:12:25.279638+00:00,SMF,4.729,False
2026-10-07T19:12:25.290189+00:00,UPF,8.113,True
2026-10-07T19:12:25.298942+00:00,NRF,7.245,False
2026-10-07T19:12:25.307592+00:00,AMF,5.742,False
2026-10-07T19:12:25.316306+00:00,SMF,7.147,False
2026-10-07T19:12:25.326684+00:00,UPF,7.233,True
2026-10-07T19:12:26.354992+00:00,PCF,1026.699,False
2026-10-07T19:12:26.364458+00:00,UDM,7.26,False
2026-10-07T19:12:32.943577+00:00,NRF,14.868,False
2026-10-07T19:12:32.956087+00:00,AMF,9.479,False
2026-10-07T19:12:33.041007+00:00,SMF,79.521,False
2026-10-07T19:12:33.106496+00:00,UPF,61.555,True
2026-10-07T19:12:33.143427+00:00,NRF,32.115,False
2026-10-07T19:12:33.176345+00:00,AMF,28.356,False
2026-10-07T19:12:33.194982+00:00,SMF,15.319,False
2026-10-07T19:12:33.218496+00:00,UPF,12.723,True
2026-10-07T19:12:35.243388+00:00,PCF,2023.444,False
2026-10-07T19:12:35.260084+00:00,UDM,10.734,False
